,Domestic Cold Water (all values in mÂ³),,,,,,,,,,,,,,,,,,,,,,,,,,,,,,,,,,,,,,,,,,,,,,,,,,,,,
,,,,,,,,,,,,,,,,,,,,,,,,,,,,,,,,,,,,,,,,,,,,,,,,,,,,,,
Reading Date,Administration,Art Building Parkade,Aurora Hall,Biological Science,Child Care Centre,CCIT,Cascade Hall,Child Development Centre,Craigie Hall,Central Heating and Cooling Plant,Clinical Skills,Crowsnest Hall,Dining Centre,Education Complex,EEEL,Engineering Complex,Earth Science,Glacier Hall,High Density Library,Heritage Medical Research Building,Health Research Innovation Centre / TWR,Health Science Centre,ICT,International House,Kananaskis Hall,Kinesiology A,Kinesiology B,Life Science,Mechanical Engineering Building,Murray Fraser Hall,MacEwan Hall,MacKimmie Block,MacKimmie Tower,Math Sciences,MacEwan Student Centre,Olympus Hall,Olympic Oval,Professional Faculties,Physical Plant,Rozsa Centre,Reeve Theater,Rundle Hall,Science A,Science B,Scurfield Hall,Social Sciences,Science Theatres,Taylor Family Digital Library,Taylor Institute,University Research Centre,Wildlife Research Centre,Yamnuska,U of C,Main Campus
,AA,AB,AU,BI,CC,CCIT,CD,CDC,CH,CHCP,CSB,CR,DC,ED,EEEL,ENG,ES,GL,HDL,HMRB,HRIC/TWR,HSC,ICT,IH,KA,KNA,KNB,LS,MEB,MFH,MH,MLB,MLT,MS,MSC,OL,OO,PF,PP,RC,RT,RU,SA,SB,SH,SS,ST,TFDL,TI,URC,WRC,YA,UC,Main
4/1/2016,-,-,-,100.38,5,4,24.41,-,15.31,-,-,34.93,68.99,-,109.42,47.95,26.96,39.6,-,-,117.71,120.29,10,13.68,57.12,65.19,22.37,-,-,-,117.5,-,-,18.02,44.23,32.4,5,-,-,0.8,,58.96,,35.75,17,-,-,4.95,-,-,-,-,"1,217.92",979.92
4/2/2016,-,-,-,65.96,1,2,31.77,-,3.58,-,-,41.25,65.15,-,100.07,44.67,11.9,41.25,-,-,36.47,61.53,3,10.75,57.73,46.4,13.98,-,-,-,64.86,-,-,4.05,6.5,33.75,2,-,-,0.71,,59.59,,26.46,6,-,-,2.36,-,-,-,-,844.74,746.74
4/3/2016,-,-,-,67.84,0.9,0,24.8,-,1.24,-,-,36.98,77.91,-,99.6,33.58,14.99,40.15,-,-,36.64,59.36,1,21.07,56.36,29.8,9.53,-,-,-,55.77,-,-,4.47,5.07,32.85,3,-,-,0.72,,58.18,,23.8,3,-,-,2.95,-,-,-,-,801.56,705.56
4/4/2016,-,-,-,105.82,5.6,6,15.87,-,15.62,-,-,34.98,59.94,-,104.22,56.26,33.16,40.15,-,-,130.47,142.53,17,60.1,58.96,65.38,30.71,-,-,-,101.75,-,-,24.63,37.18,32.85,10,-,-,0.86,,60.86,,30.48,24,-,-,7.86,-,-,-,-,"1,313.24","1,040.24"
4/5/2016,-,-,-,116.35,5.9,6,26.84,-,13.76,-,-,37.44,66.42,-,112.04,35.66,33.39,44.55,-,-,137.03,137.97,17,14.78,61.92,69.54,31.59,-,-,-,113.82,-,-,21.53,39.38,36.45,12,-,-,3.09,,63.91,,32.84,23,-,-,7.41,-,-,-,-,"1,321.61","1,046.61"
4/6/2016,-,-,-,101.36,6.4,5,17.53,-,15.84,-,-,33.92,64.43,-,101.83,40.06,32.98,39.6,-,-,126.69,141.31,16,14.57,58.57,67.19,29.25,-,-,-,120.53,-,-,58.18,35.19,32.4,13,-,-,4.23,,60.45,,31.01,21,-,-,7.68,-,-,-,-,"1,296.20","1,028.20"
4/7/2016,-,-,-,96.15,5.9,7,5.58,-,13.45,-,-,33.93,60.78,-,104.48,38.17,34,42.9,-,-,128.36,138.64,15,12.59,58.12,65.06,30.25,-,-,-,143.07,-,-,18.07,41.33,35.1,7,-,-,1.28,,59.99,,32.04,21,-,-,6.8,-,-,-,-,"1,256.04",989.04
4/8/2016,-,-,-,92.66,6,7,7.1,-,13.56,-,-,33.06,54.94,-,104.76,50.98,29.47,36.85,-,-,123.09,135.91,16,9.88,55.36,62.06,28.18,-,-,-,135.67,-,-,18.11,38.85,30.15,4,-,-,2.32,,57.15,,31.38,16,-,-,4.92,-,-,-,-,"1,205.41",946.41
4/9/2016,-,-,-,65.47,1,0,4.31,-,4.13,-,-,35.97,67.66,-,107.13,33.65,15.21,35.75,-,-,51.05,61.95,4,10.51,49.8,55.69,12.62,-,-,-,91.22,-,-,3.42,9.27,29.25,11,-,-,0.43,,51.41,,21.03,7,-,-,3.22,-,-,-,-,843.15,730.15
4/10/2016,-,-,-,64.49,0.7,1,8.67,-,1.72,-,-,36.47,56.66,-,22.23,37.76,21.23,37.95,-,-,52.67,64.33,4,12.72,51.04,33.75,6.85,-,-,-,81.51,-,-,3.66,7.73,31.05,4,-,-,2.47,,52.68,,18.22,2,-,-,4.11,-,-,-,-,721.67,604.67
4/11/2016,-,-,-,108.4,5.7,5,18.84,-,14.21,-,-,35.21,63.33,-,58.62,68.2,39.58,42.35,-,-,142.58,148.42,15,7.81,55.15,62.7,27.88,-,-,-,122.67,-,-,23.92,46.64,34.65,5,-,-,2.78,,56.93,,27.7,20,-,-,8.53,-,-,-,-,"1,267.80",976.8
4/12/2016,-,-,-,119.85,6.5,5,27.19,-,12.35,-,-,34.73,58.76,-,102.52,61.75,32.04,42.35,-,-,141.3,143.7,10,7.88,57.11,64.16,27.62,-,-,-,108.11,-,-,19.93,41.99,34.65,4,-,-,2.23,,58.95,,31.22,22,-,-,7.69,-,-,-,-,"1,285.58","1,000.58"
4/13/2016,-,-,-,103.47,6.2,5,32.1,-,14.69,-,-,33.76,62.68,-,107.88,46.26,28.96,48.4,-,-,180.77,138.23,11,11.24,59.53,51.21,27.68,-,-,-,105.1,-,-,17.54,29.4,39.6,3,-,-,1.45,,61.45,,33.09,11,-,-,4.98,-,-,-,-,"1,275.67",956.67
4/14/2016,-,-,-,89.9,5.9,7,15.5,-,7.77,-,-,32.7,58.01,-,103.23,50.61,31.57,38.5,-,-,153.85,137.15,7,14.29,52.55,61.32,19.07,-,-,-,137.61,-,-,10.17,11.18,31.5,4,-,-,2.88,,54.25,,32.7,11,-,-,6.95,-,-,-,-,"1,188.16",897.16
4/15/2016,-,-,-,96.06,5.1,4,22.68,-,12.85,-,-,36.05,63.53,-,69.73,65.42,34.94,39.6,-,-,133.23,127.77,7,12.79,53.68,56.82,46.22,-,-,-,85.96,-,-,11.62,37.09,32.4,25,-,-,1.23,,55.42,,32.71,13,-,-,8.21,-,-,-,-,"1,190.11",929.11
4/16/2016,-,-,-,67.29,0.5,1,13.56,-,11.46,-,-,34.18,61.95,-,36.56,58.42,19.41,37.4,-,-,41.55,58.45,5,10.61,51.9,55.52,43.89,-,-,-,73.37,-,-,7.7,20.12,30.6,19,-,-,0.81,,53.57,,19.58,6,-,-,5.93,-,-,-,-,845.33,745.33
4/17/2016,-,-,-,68.34,0.6,0,24.14,-,8.19,-,-,37.23,60.04,-,33.44,49.28,18.52,40.15,-,-,45.12,63.88,7,11.04,51.64,35.09,21.55,-,-,-,53.2,-,-,2.55,9.4,32.85,7,-,-,0.74,,53.3,,17.98,3,-,-,5.83,-,-,-,-,761.1,652.1
4/18/2016,-,-,-,101.67,5.6,32,27.01,-,6.83,-,-,36.28,65.71,-,22.96,67.13,37.32,38.5,-,-,138.35,135.65,10,13.12,54.18,70.36,25.32,-,-,-,95.78,-,-,15.47,37.86,31.5,3,-,-,0.71,,55.93,,28.71,15,-,-,8.78,-,-,-,-,"1,180.73",906.73
4/19/2016,-,-,-,89.34,5.7,7,29.47,-,9.15,-,-,36.16,76.6,-,10.4,69.57,33.35,41.25,-,-,136.74,142.26,17,14.23,55.18,62.3,26.97,-,-,-,98.81,-,-,12.02,37.26,33.75,3,-,-,0.68,,56.96,,31.83,15,-,-,8.35,-,-,-,-,"1,160.33",881.33
4/20/2016,-,-,-,88.16,5.8,5,34.91,-,15.96,-,-,33.57,74.64,-,22.73,69.14,32.57,37.4,-,-,136.74,138,12,12.09,56.95,63.59,26.26,-,-,-,105.2,-,-,16.01,39.67,30.6,4,-,-,1.09,,58.78,,30.85,14,-,-,8.15,-,-,-,-,"1,173.86",899.12
4/21/2016,-,-,-,95,5.5,5,35.16,-,14.95,-,-,35.12,81.43,-,42.77,73.07,29.7,38.5,-,-,139.34,142.66,9,16.79,57.19,66.88,24.03,-,-,-,95.33,-,-,12.7,39.52,31.5,10,-,-,1.94,,59.03,,30.46,13,-,-,7.66,-,-,-,-,"1,213.23",931.23
4/22/2016,-,-,-,94.95,5,5,20.18,-,14.42,-,-,35.11,72.74,-,16.24,72.11,33.89,39.6,-,-,118.38,133.62,10,19.37,56.78,61.95,22.82,-,-,-,100.87,-,-,12.07,42.67,32.4,9,-,-,0.99,,58.61,,27.89,13,-,-,6.98,-,-,-,-,"1,136.64",884.64
4/23/2016,-,-,-,66.35,0.2,1,19.27,-,14.61,-,-,34.08,79.63,-,4.86,54.14,26.25,36.85,-,-,38.77,67.23,8,16.73,55.09,45.34,31.25,-,-,-,67.06,-,-,5.74,20.25,30.15,3,-,-,0.63,,56.86,,20.72,8,-,-,4.98,-,-,-,-,817.04,711.04
4/24/2016,-,-,-,70.97,0.4,1,18.48,-,7.31,-,-,32,88.7,-,0.44,41.42,25.31,34.1,-,-,37.95,62.05,2,15.48,52.37,28.7,22.85,-,-,-,57.32,-,-,3.13,8.35,27.9,2,-,-,0.31,,54.06,,19.5,4,-,-,4.9,-,-,-,-,723,623
4/25/2016,-,-,-,105.18,4.9,44,11.77,-,7.67,-,-,31.07,84.12,-,7.96,62,34.02,37.4,-,-,140.53,139.47,15,11.1,50.65,62.88,20.41,-,-,-,92.93,-,-,13.61,34.76,30.6,4,-,-,2.94,,52.28,,26.48,12,-,-,6.56,-,-,-,-,"1,146.29",866.29
4/26/2016,-,-,-,97.34,5.8,4,16.79,-,8.14,-,-,32.5,94.17,-,6.68,54.76,33.73,35.75,-,-,136.91,146.09,12,13.01,49.51,60.35,21.38,-,-,-,94.57,-,-,20.3,32.19,29.25,3,-,-,1.13,,51.11,,28.67,12,-,-,4.72,-,-,-,-,"1,105.85",822.85
4/27/2016,-,-,-,92.18,5.5,12,12.1,-,16.25,-,-,30.61,76.76,-,10.33,57.34,32.94,35.2,-,-,146.41,146.59,10,15.2,43.24,58.34,21.02,-,-,-,108.71,-,-,141.05,37.53,28.8,4,-,-,1.45,,44.63,,28.54,11,-,-,2.36,-,-,-,-,"1,230.08",937.08
4/28/2016,-,-,-,94.95,5.6,4,11.66,-,11.04,-,-,34.47,72.79,-,7.21,49.22,35.51,33.55,-,-,145.58,152.42,6,16.95,31.31,46.78,19.37,-,-,-,90.23,-,-,89.32,25.99,27.45,4,-,-,0.95,,32.32,,28.75,10,-,-,1.04,-,-,-,-,"1,088.46",790.46
4/29/2016,-,-,-,91.96,5.2,8,3.44,-,11.28,-,-,29.44,82.25,-,10.07,39.96,33.99,34.1,-,-,134.47,139.53,7,17.96,22.02,44.94,15.1,-,-,-,84.14,-,-,6.58,27.7,27.9,2,-,-,0.99,,22.73,,27.71,10,-,-,0.98,-,-,-,-,941.44,667.44
4/30/2016,-,-,-,67.61,0.3,0,0.56," 	134.00 ",9.7,-," 	1,590.00 ",28.1,85.37,-,4.24,29.68,25.99,28.6,-,-,50.2,66.8,4,16.8,16.48,40.65,31.94,467,216,-,72.84,-,-,2.04,13.9,23.4,4,-,-,1.92,,17.01,,24.42,3,-,-,0.49,-,-,-,-,"3,077.04",687.04
5/1/2016,-,-,-,66.78,0.6,3,0.14,-,2.9,-,-,24.69,63.18,-,7.66,14.12,24.63,19.25,-,-,48.49,64.51,1,11.77,13.8,26.2,21.37,-,-,-,55.42,-,-,1.35,6.1,15.75,2,-,-,0.83,,14.24,,21.36,1,-,-,0.35,-,-,-,-,532.49,419.49
5/2/2016,-,-,-,99.01,5.1,15,0.51,-,3.69,-,-,27.78,67.83,-,7.17,29.53,36.46,18.15,-,-,140.8,148.2,7,11.01,13.83,41.57,19.97,-,-,-,78.2,-,-,8.73,19.34,14.85,11,-,-,3.73,,14.28,,30.54,10,-,-,1.07,-,-,-,-,884.35,595.35
5/3/2016,-,-,-,98.93,5.7,79,4.16,-,4.27,-,-,21.82,72.04,-,22.53,37.99,35.65,16.5,-,-,129.89,136.11,6,11.78,13.3,41.06,17.56,-,-,-,80.47,-,-,8.59,17.49,13.5,2,-,-,0.32,,13.73,,33.68,10,-,-,1.11,-,-,-,-,935.18,669.18
5/4/2016,-,-,-,102.78,6.1,124,2.59,-,8.65,-,-,21.35,80.88,-,27.34,46.99,34.39,20.35,-,-,129.31,140.69,8,14.97,13.36,46.04,20.17,-,-,-,84.81,-,-,7.71,20.49,16.65,3,-,-,0.66,,13.79,,32.13,11,-,-,1.11,-,-,-,-,"1,039.31",769.31
5/5/2016,-,-,-,100.16,5.6,104,1.7,-,8.71,-,-,22.39,91.15,-,7.31,44.6,42.7,25.3,-,-,134.32,141.68,5,17.16,13.72,41.87,18.59,-,-,-,96.67,-,-,8.7,18.63,20.7,2,-,-,0.63,,14.17,,35.78,11,-,-,0.98,-,-,-,-,"1,035.22",759.22
5/6/2016,-,-,-,93.37,5.2,52,0.27,-,8.24,-,-,42.12,99.41,-,1.86,44.28,43.41,46.2,-,-,121.72,141.28,5,17.43,14.77,43.67,14.93,-,-,-,99.1,-,-,8.41,23.14,37.8,4,-,-,0.73,,15.24,,39.16,12,-,-,0.78,-,-,-,-,"1,035.52",772.52
5/7/2016,-,-,-,66.36,0.2,1,1.31,-,7.33,-,-,58.91,114.38,-,6.67,33.74,30.12,41.8,-,-,39.54,66.46,1,8.55,15.06,31.6,14.19,-,-,-,66.05,-,-,1.86,6,34.2,11,-,-,3.22,,15.54,,28.4,5,-,-,0.27,-,-,-,-,709.76,603.76
5/8/2016,-,-,-,71.23,0.4,0,0.95,-,11.78,-,-,59.99,130.03,-,0,32.87,31.72,46.75,-,-,38.9,63.1,1,6.79,20.91,19.9,3.67,-,-,-,54.66,-,-,1.82,3.72,38.25,3,-,-,2.15,,21.59,,24.93,1,-,-,0.26,-,-,-,-,691.37,589.37
5/9/2016,-,-,-,100.03,5.5,29,0.39,-,16.58,-,-,49.01,115.31,-,1.96,57.17,47.01,40.15,-,-,133.82,154.18,8,8.24,26.43,50.34,21.71,-,-,-,81.64,-,-,12.79,28.2,32.85,4,-,-,2.66,,27.28,,35.51,16,-,-,1.81,-,-,-,-,"1,107.57",819.57
5/10/2016,-,-,-,98.77,6,41,0.66,-,10.3,-,-,34.42,105.07,-,6.71,52.45,37.01,47.3,-,-,141.76,158.24,9,12.3,31.23,46.97,22.1,-,-,-,91.99,-,-,10.61,26.87,38.7,3,-,-,4.32,,32.24,,37.38,12,-,-,1.7,-,-,-,-,"1,120.10",820.1
5/11/2016,-,-,-,98.85,6.2,5,0.11,-,6.23,-,-,34.72,95.36,-,11.1,49.91,36.84,51.15,-,-,139.69,149.31,8,20.99,33.8,44.76,21.81,-,-,-,111.76,-,-,11.2,25.69,41.85,4,-,-,7.66,,34.89,,45.86,14,-,-,1.97,-,-,-,-,"1,112.71",823.71
5/12/2016,-,-,-,102.55,5.9,6,2.18,-,5.17,-,-,35.79,105.07,-,0.82,70.32,41.84,46.75,-,-,134.36,143.64,8,27.37,39.84,47.13,24.43,-,-,-,104.44,-,-,10.44,35.22,38.25,15,-,-,0.88,,41.13,,36.12,14,-,-,1.55,-,-,-,-,"1,144.19",866.19
5/13/2016,-,-,-,94.41,5.3,13,3.37,-,6.32,-,-,35.17,90.61,-,5.53,63.86,41.29,45.65,-,-,122.82,145.18,8,28.22,45.41,47.29,34.27,-,-,-,85.28,-,-,10.18,23.43,37.35,24,-,-,2.03,,46.88,,37.75,10,-,-,1.2,-,-,-,-,"1,113.80",845.8
5/14/2016,-,-,-,67.81,0.2,0,18.88,-,6.34,-,-,36.52,90.01,-,1.54,46.69,28.09,48.4,-,-,38.98,73.02,2,26.17,44.14,38.03,12.15,-,-,-,123.11,-,-,2.42,12.92,39.6,26,-,-,3.63,,45.56,,26.88,2,-,-,0.4,-,-,-,-,861.49,749.49
5/15/2016,-,-,-,73.76,0.4,1,57.98,-,1.66,-,-,40.07,89.66,-,6.29,38.54,26.33,39.05,-,-,38.96,70.04,1,23.33,41.75,22.38,7.14,-,-,-,106.07,-,-,1.36,4.87,31.95,18,-,-,3.37,,43.1,,24.95,0,-,-,0.51,-,-,-,-,813.52,704.52
5/16/2016,-,-,-,98.73,6.1,5,61.18,-,7.64,-,-,42.21,118.1,-,6.82,63.34,41.49,40.7,-,-,157.55,212.45,9,11.98,42.31,53.58,23.99,-,-,-,121.84,-,-,12.11,22.86,33.3,2,-,-,2.22,,43.67,,35.23,15,-,-,1.89,-,-,-,-,"1,292.29",922.29
5/17/2016,-,-,-,102.99,5.8,7,61.39,-,7.73,-,-,36.92,95.48,-,43.28,47.71,39.2,40.15,-,-,154.06,219.94,8,8.58,41.41,51.7,24.53,-,-,-,124.65,-,-,10.22,21.99,32.85,3,-,-,2.56,,42.75,,35.15,14,-,-,1.95,-,-,-,-,"1,284.99",910.99
5/18/2016,-,-,-,92.79,5.8,4,66.94,-,9.04,-,-,37.6,105.78,-,37.8,59.81,43.88,44,-,-,149.93,222.07,7,7.92,40.37,53.85,33.51,-,-,-,128.11,-,-,10.8,25.34,36,7,-,-,0.79,,41.67,,39.39,15,-,-,2.18,-,-,-,-,"1,328.37",956.37
5/19/2016,-,-,-,101.51,5.5,5,65.49,-,7.52,-,-,35.23,124.12,-,9.37,55.5,41.74,44,-,-,138.64,163.36,10,8.74,37.85,53.27,29.9,-,-,-,131.54,-,-,9.62,24.65,36,8,-,-,3.24,,39.07,,35.13,13,-,-,1.49,-,-,-,-,"1,238.48",936.48
5/20/2016,-,-,-,94.39,4.9,4,56.64,-,6.32,-,-,35.79,101.49,-,5.16,48.89,36.05,50.6,-,-,130.42,143.58,8,12.38,40.1,50.24,16.51,-,-,-,126.1,-,-,7.51,21.15,41.4,7,-,-,1.95,,41.39,,37.47,9,-,-,1.33,-,-,-,-,"1,139.76",865.76
5/21/2016,-,-,-,70.66,0.1,0,52.8,-,7.23,-,-,37.07,116.34,-,2.29,40.07,28.37,44.55,-,-,36.1,65.9,0,18.05,39.96,25.85,18.82,-,-,-,103.78,-,-,2.14,14.31,36.45,41,-,-,0.74,,41.25,,30.7,2,-,-,0.29,-,-,-,-,876.82,774.82
5/22/2016,-,-,-,66.07,0.2,0,58.01,-,16.62,-,-,37.11,104.06,-,0.43,43.5,28.03,48.4,-,-,36.1,64.35,1,17.43,38.86,26.7,18.84,-,-,-,106.69,-,-,2.1,15.25,39.6,44,-,-,0.36,,40.12,,26.72,1,-,-,0.36,-,-,-,-,881.91,781.46
5/23/2016,-,-,-,69.96,0.1,1,63.05,-,0.83,-,-,38.57,107.01,-,5.8,41.02,29.43,51.7,-,-,41.59,70.41,1,13.44,39.04,22.68,13.24,-,-,-,96.86,-,-,2.28,9.87,42.3,35,-,-,0.51,,40.3,,27.55,2,-,-,0,-,-,-,-,866.54,754.54
5/24/2016,-,-,-,108.05,5.8,11,61.71,-,7.75,-,-,37.42,114.19,-,7.98,58.39,41.99,62.7,-,-,138.49,148.51,10,7.53,38.3,47.82,24.89,-,-,-,127.05,-,-,12.85,22.38,51.3,2,-,-,0.67,,39.54,,37.92,13,-,-,2.1,-,-,-,-,"1,241.33",954.33
5/25/2016,-,-,-,108.6,6,8,59.12,-,8.62,-,-,36.39,104.92,-,45.42,48.76,44.19,52.25,-,-,141.73,204.27,8,11.29,37.29,50.42,25.94,-,-,-,135.93,-,-,10.86,22.43,42.75,3,-,-,0.99,,38.49,,41.96,14,-,-,1.92,-,-,-,-,"1,313.54",967.54
5/26/2016,-,-,-,108.87,5.8,9,77.62,-,5.27,-,-,34.67,116.75,-,37.93,55.13,38.9,46.2,-,-,151.54,225.46,8,12.53,39.74,41.78,18.89,-,-,-,133.03,-,-,8.23,19.73,37.8,3,-,-,1.61,,41.02,,39.96,10,-,-,1.31,-,-,-,-,"1,329.77",952.77
5/27/2016,-,-,-,100.07,5,5,60.22,-,4.59,-,-,36.2,114.69,-,7.77,48.38,38.98,45.65,-,-,139.39,158.61,7,13.93,41.47,43.63,19.27,-,-,-,131.45,-,-,7.07,22.34,37.35,4,-,-,1.88,,42.8,,41.99,8,-,-,0.99,-,-,-,-,"1,187.72",889.72
5/28/2016,-,-,-,72.23,1.1,0,73.32,-,6.07,-,-,38.72,109.54,-,0,54.88,31.51,44,-,-,42.54,122.46,4,17.44,47.85,34.59,15.74,-,-,-,135.86,-,-,3.85,16.5,36,2,-,-,2.74,,49.4,,25.41,6,-,-,0.73,-,-,-,-,994.48,829.48
5/29/2016,-,-,-,68.66,1.5,1,62.4,-,9.57,-,-,36.88,115.65,-,0,54.67,32.77,46.75,-,-,43.64,120.36,3,21.47,47.88,26.47,17.11,-,-,-,147.73,-,-,5.46,20.72,38.25,2,-,-,5.44,,49.43,,24.86,5,-,-,1.01,-,-,-,-,"1,009.68",845.68
5/30/2016,-,-,-,112.74,5.9,5,58.99,-,13.46,-,-,37.53,88.73,-,1.74,61.88,43.05,46.2,-,-,139.37,169.63,11,22.95,49.75,48.06,34.44,-,-,-,161.91,-,-,12.07,39.09,37.8,5,-,-,4.55,,51.35,,35.18,15,-,-,2.77,-,-,-,-,"1,315.14","1,006.14"
5/31/2016,-,-,-,106.89,6.6,6,67.51," 	137.00 ",10.91,-," 	2,260.00 ",36.43,94.03,-,6.86,72.55,40.06,42.35,-,-,136.9,203.1,11,22.53,47.97,48.32,37.03,725,221,-,170.77,-,-,14.26,37.64,34.65,4,-,-,4.77,,49.52,,35.04,13,-,-,2.74,-,-,-,-,"4,706.43","1,160.43"
6/1/2016,-,-,-,97.59,6.1,20,64.83,-,9.58,-,-,35.23,98.95,-,1.68,80.47,42.36,48.95,-,-,149.67,198.33,10,20.88,46.15,46.07,34.03,-,-,-,175.13,-,-,13.22,51.77,40.05,4.5,-,-,4.75,,47.63,,38.82,13,-,-,2.6,-,-,-,-,"1,402.34","1,054.34"
6/2/2016,-,-,-,102,5.7,22,95.13,-,10.02,-,-,35.07,103.45,-,1.62,76.78,35.75,41.8,-,-,152.58,205.42,8,20.53,40.51,50.13,28.23,-,-,-,156.81,-,-,11.8,29.91,34.2,5,-,-,5.22,,41.81,,43.89,11,-,-,1.96,-,-,-,-,"1,376.32","1,018.32"
6/3/2016,-,-,-,94.21,6,7,98.45,-,8.05,-,-,33.24,103.66,-,0.69,54.33,42.54,36.85,-,-,129.76,202.24,7,17.92,37.38,44.02,20.57,-,-,-,139.45,-,-,8.32,22.34,30.15,6,-,-,2.45,,38.58,,41.57,9,-,-,1.39,-,-,-,-,"1,243.16",911.16
6/4/2016,-,-,-,70.32,0.1,1,55.4,-,6.92,-,-,34.15,85.08,-,6.27,29.07,30.62,34.1,-,-,53.4,156.6,1,12.94,30.7,30.83,7.06,-,-,-,110.64,-,-,2,5.46,27.9,3,-,-,0.66,,31.69,,29.42,1,-,-,0.27,-,-,-,-,857.6,647.6
6/5/2016,-,-,-,67.66,0.3,0,61.54,-,9.27,-,-,35.77,77.15,-,0,25.5,28.22,34.1,-,-,53.4,157.75,1,9.66,28.85,24.65,4.71,-,-,-,132.4,-,-,1.76,7.14,27.9,15,-,-,2.05,,29.78,,27.68,1,-,-,0.36,-,-,-,-,864.6,653.45
6/6/2016,-,-,-,108.87,5,17,49.64,-,8.27,-,-,38.33,93.01,-,1.77,42.81,35.88,34.1,-,-,140.5,234.5,12,8.98,30.67,44.14,27.03,-,-,-,135.34,-,-,11.27,22.56,27.9,13,-,-,4.49,,31.66,,38.23,15,-,-,1.72,-,-,-,-,"1,233.67",858.67
6/7/2016,-,-,-,104.42,5.4,7,47.53,-,5.34,-,-,35.01,111.62,-,2.65,43.29,43.03,38.5,-,-,151.67,237.33,11,15.52,30.8,46.58,39.11,-,-,-,143.78,-,-,11.18,24.75,31.5,20,-,-,2.9,,31.79,,36.02,14,-,-,1.98,-,-,-,-,"1,293.70",904.7
6/8/2016,-,-,-,104.13,6.1,27,61.71,-,8.16,-,-,40.69,113.1,-,7.33,57.73,44.89,46.2,-,-,141.9,248.1,15,18.83,30.23,45.92,36.32,-,-,-,152.85,-,-,10.63,31.95,37.8,14,-,-,0.43,,31.2,,34.54,14,-,-,1.87,-,-,-,-,"1,382.61",992.61
6/9/2016,-,-,-,110.69,5.7,5,53.09,-,8.94,-,-,35.92,116.25,-,2.6,54.24,47.09,40.7,-,-,140.08,259.92,8,16.98,33.4,46.11,36.46,-,-,-,155.93,-,-,10.83,30.65,33.3,17,-,-,3.61,,34.47,,34.55,14,-,-,1.92,-,-,-,-,"1,357.43",957.43
6/10/2016,-,-,-,107.94,6.8,8,45.79,-,9.55,-,-,31.93,99.59,-,1.28,47.17,44.18,27.5,-,-,146.79,193.21,8,14.24,31.98,52.01,28.02,-,-,-,139.42,-,-,30.49,21.5,22.5,14,-,-,0.63,,33.01,,30.34,9,-,-,1.34,-,-,-,-,"1,206.21",866.21
6/11/2016,-,-,-,76.69,0,1,50.82,-,14.04,-,-,31.06,104.23,-,0,27.76,30.36,26.95,-,-,54.69,135.31,2,12.93,24.54,26.03,11.73,-,-,-,124.92,-,-,2.15,8.11,22.05,4,-,-,7.09,,25.33,,21.89,1,-,-,0.47,-,-,-,-,847.15,657.15
6/12/2016,-,-,-,72.8,0.2,0,53.01,-,10.5,-,-,37.76,89.12,-,5.95,21.82,29.38,26.4,-,-,49.07,137.93,1,11.91,22.89,23.71,12.03,-,-,-,106,-,-,2.25,4.71,21.6,8,-,-,6.05,,23.63,,22.26,1,-,-,0.61,-,-,-,-,801.59,614.59
6/13/2016,-,-,-,111.96,5,17,51.77,-,6.97,-,-,30.7,112.85,-,2.88,41.11,45.11,29.7,-,-,150.23,209.77,9,11.66,23.21,48.49,25.11,-,-,-,125.44,-,-,62.62,23.94,24.3,9,-,-,0.92,,23.96,,35.78,14,-,-,2.42,-,-,-,-,"1,254.90",894.9
6/14/2016,-,-,-,109.01,5.6,26,41.27,-,7.63,-,-,29.53,91.67,-,1.59,40.5,48.56,30.25,-,-,147.42,190.58,11,11.61,22.83,48.63,22.67,-,-,-,131.7,-,-,75.15,23.91,24.75,6,-,-,6.2,,23.57,,35.75,12,-,-,2.16,-,-,-,-,"1,227.54",889.54
6/15/2016,-,-,-,134.66,6.2,6,45.31,-,9.19,-,-,29.8,93.91,-,1.65,54.55,46.15,35.2,-,-,150.36,193.64,11,14.04,25.46,53.02,24.96,-,-,-,136.92,-,-,9.78,31.99,28.8,6,-,-,0.94,,26.29,,38.93,14,-,-,2.22,-,-,-,-,"1,230.97",886.97
6/16/2016,-,-,-,141.83,6.2,36,68.73,-,8.67,-,-,25.97,102.21,-,11.33,48.45,46.61,35.75,-,-,158.78,197.22,12,14.2,23.84,45.4,22.42,-,-,-,135.19,-,-,9.37,23.41,29.25,9,-,-,1.61,,24.61,,36.14,13,-,-,1.9,-,-,-,-,"1,289.09",933.09
6/17/2016,-,-,-,104.81,5.5,5,57.32,-,4.58,-,-,32.83,108.69,-,8.68,32.3,43.41,27.5,-,-,133.61,193.39,9,14.26,20.7,44.31,17.91,-,-,-,139.42,-,-,8.09,25.11,22.5,8,-,-,1.54,,21.37,,35.17,9,-,-,1.3,-,-,-,-,"1,135.30",808.3
6/18/2016,-,-,-,72.76,2.3,0,60.22,-,2.99,-,-,30.3,110.68,-,1.73,23.35,28.53,26.95,-,-,59.3,125.7,4,14.69,19.29,31.2,10.4,-,-,-,126.45,-,-,1.54,10.42,22.05,7,-,-,0.47,,19.91,,20.41,1,-,-,0.42,-,-,-,-,834.06,649.06
6/19/2016,-,-,-,74.12,1.5,1,59.31,-,3.46,-,-,28.89,87.16,-,0.01,13.61,29.06,27.5,-,-,60.97,126.03,4,15.84,20.25,18.4,7.91,-,-,-,106.17,-,-,1.57,4.64,22.5,8,-,-,0.64,,20.9,,20.38,1,-,-,0.5,-,-,-,-,765.32,578.32
6/20/2016,-,-,-,118.23,5.9,7,57.54,-,9.82,-,-,29.9,83.44,-,8.01,32.98,44.81,30.25,-,-,151.31,172.69,8,16.99,19.21,44.5,24.18,-,-,-,94.63,-,-,10.48,23.75,24.75,7,-,-,5.65,,19.83,,39.79,13,-,-,2.01,-,-,-,-,"1,105.65",781.65
6/21/2016,-,-,-,127.12,6.8,5,60.84,-,10.77,-,-,28.02,105.26,-,2.74,41.4,47.14,23.65,-,-,143.55,146.45,11,20.06,20.3,47.45,22.57,-,-,-,116.02,-,-,10.79,23.38,19.35,6,-,-,0.59,,20.95,,36.78,11,-,-,1.94,-,-,-,-,"1,116.92",826.92
6/22/2016,-,-,-,129.71,6.3,6,51.15,-,10.93,-,-,26.5,103.48,-,4.61,42.66,47.93,23.65,-,-,137.18,142.82,9,15.41,18.95,44.65,29.64,-,-,-,136.96,-,-,13.2,23.7,19.35,6,-,-,0.63,,19.56,,36.93,15,-,-,2.16,-,-,-,-,"1,124.06",844.06
6/23/2016,-,-,-,137.25,7.5,5,49.13,-,5.03,-,-,26.62,97.34,-,2.91,40.4,37.71,22,-,-,137.72,140.28,14,17.93,20.57,44.36,24.45,-,-,-,146.55,-,-,10.11,25.32,18,8,-,-,1.31,,21.24,,34.7,14,-,-,1.81,-,-,-,-,"1,111.24",833.24
6/24/2016,-,-,-,120.35,6.1,4,52.13,-,4.8,-,-,25.43,99.05,-,9.08,34.23,34.9,20.35,-,-,124.59,129.41,21,15.67,21.82,40.58,18.47,-,-,-,141.58,-,-,8.44,22.73,16.65,8,-,-,1.04,,22.52,,37.58,8,-,-,1.37,-,-,-,-,"1,049.87",795.87
6/25/2016,-,-,-,92.85,2,0,69.78,-,3.71,-,-,33.41,87.6,-,0,12.19,29.68,20.35,-,-,37.24,66.76,15,8.1,16.43,33.62,5.43,-,-,-,113.96,-,-,1.66,4.88,16.65,7,-,-,0.7,,16.96,,25.45,2,-,-,0.45,-,-,-,-,723.86,619.86
6/26/2016,-,-,-,92.25,1.5,2,47.82,-,3.28,-,-,30.83,80.17,-,0.48,8,29.75,22.55,-,-,39.02,66.98,5,12.04,15.57,27.41,4.71,-,-,-,109.31,-,-,1.7,2.42,18.45,3,-,-,0.61,,16.07,,20.9,1,-,-,0.45,-,-,-,-,663.27,557.27
6/27/2016,-,-,-,127.19,6.3,5,33.79,-,7.22,-,-,27.84,77.96,-,3.48,28.51,40.11,18.15,-,-,134.47,141.53,11,13.07,15.44,51.47,22.05,-,-,-,123.33,-,-,11.16,21.21,14.85,8,-,-,0.71,,15.94,,35.46,14,-,-,1.95,-,-,-,-,"1,011.19",735.19
6/28/2016,-,-,-,123.34,7.6,35,5.44,-,5.55,-,-,26.3,89.09,-,7.77,41.47,45.87,28.05,-,-,142.26,141.74,10,11.06,16.45,46.44,24.32,-,-,-,130.27,-,-,9.8,22.04,22.95,8,-,-,1.29,,16.98,,40.14,12,-,-,2.03,-,-,-,-,"1,073.25",789.25
6/29/2016,-,-,-,139.93,7.6,98,6.29,-,9.63,-,-,26.74,95.54,-,4.09,52.11,42.76,19.8,-,-,137.8,200.2,8,7.27,17.35,44.58,20.7,-,-,-,136.04,-,-,10.92,32.3,16.2,7,-,-,0.69,,17.91,,40.22,12,-,-,2.13,-,-,-,-,"1,213.80",875.8
6/30/2016,-,-,-,133.65,6.5,64,12.28," 	118.00 ",4.35,-," 	970.00 ",25.24,93.69,-,1.6,25.63,39.5,19.8,-,-,130.73,236.27,8,9.68,18.72,44.36,15.36,880,295,-,139.72,-,-,11.54,24.97,16.2,9,-,-,0.33,,19.32,,39.9,9,-,-,1.87,-,-,-,-,"3,424.21",912.21
7/1/2016,-,-,-,97.44,1.9,0,13.66,-,0.41,-,-,20.36,114.1,-,1.07,0.95,26.76,21.45,-,-,48.96,168.04,1,13.03,16.21,9.76,0.86,-,-,-,110.53,-,-,1.91,1.87,17.55,1,-,-,0.3,,16.73,,23.37,1,-,-,0,-,-,-,-,730.22,513.22
7/2/2016,-,-,-,97.52,2.2,1,12.6,-,0.98,-,-,28.85,87.75,-,5.11,2.86,26.75,16.5,-,-,44.51,162.49,4,17.07,13.96,19.52,3.65,-,-,-,112.28,-,-,2.27,7.32,13.5,6,-,-,0.28,,14.41,,23.25,3,-,-,0.93,-,-,-,-,730.56,523.56
7/3/2016,-,-,-,96.3,1.9,0,6.25,-,0.99,-,-,22.54,109.59,-,0.1,4.48,26.41,17.05,-,-,44.51,162.2,0,18.32,17.83,24.88,3.58,-,-,-,114.13,-,-,1.74,2.52,13.95,1,-,-,0.45,,18.41,,22.33,1,-,-,0.78,-,-,-,-,733.24,526.53
7/4/2016,-,-,-,125.93,6,38,5.74,-,5.46,-,-,23.5,88.92,-,2.39,25.35,43.51,20.9,-,-,124,196,13,13.41,18.31,46.24,31.89,-,-,-,137.98,-,-,13.59,27.52,17.1,9,-,-,0.54,,18.9,,35.74,9,-,-,2.05,-,-,-,-,"1,099.97",779.97
7/5/2016,-,-,-,124.21,5.2,36,11.51,-,5.44,-,-,23.76,107.16,-,2.56,25.58,42.24,14.3,-,-,133.57,200.43,8,11.82,18.7,54.99,26.15,-,-,-,115.85,-,-,8.06,21.46,11.7,9,-,-,0.68,,19.31,,33.14,8,-,-,1.29,-,-,-,-,"1,080.11",746.11
7/6/2016,-,-,-,128.79,6.2,73,3.22,-,4.45,-,-,23.86,95.08,-,7.84,27.13,42.85,14.3,-,-,134.24,205.76,9,11.06,18.76,51.48,30.92,-,-,-,97.8,-,-,7.95,22.71,11.7,9,-,-,0.47,,19.36,,38.68,9,-,-,1.49,-,-,-,-,"1,106.10",766.1
7/7/2016,-,-,-,127.81,5.5,24,1.3,-,5.64,-,-,20.95,113.88,-,3.27,27.54,38.52,11,-,-,138.2,234.8,7,17.11,18.67,52.67,29.36,-,-,-,96.83,-,-,8.66,21.22,9,10,-,-,0.61,,19.27,,38.47,9,-,-,1.21,-,-,-,-,"1,091.49",718.49
7/8/2016,-,-,-,103.07,5.3,5,1.4,-,3.87,-,-,21.26,111.77,-,2.84,17.01,35.72,11,-,-,113.73,229.27,7,18.8,20.65,49.69,20.5,-,-,-,92.76,-,-,6.81,15.06,9,8,-,-,0.4,,21.32,,27.93,6,-,-,0.74,-,-,-,-,965.9,622.9
7/9/2016,-,-,-,85.4,0.5,0,0.03,-,0.58,-,-,21.69,91.82,-,0.5,2.91,44.91,10.45,-,-,44.26,140.74,0,23.49,20.98,23.48,3.41,-,-,-,83.22,-,-,0.84,5.47,8.55,5,-,-,0.59,,21.65,,20.46,1,-,-,0.26,-,-,-,-,662.19,477.19
7/10/2016,-,-,-,72.65,1,1,0,-,0.55,-,-,26.06,85.81,-,5.18,2.98,33.32,10.45,-,-,41.74,144.26,1,25.81,23.83,23.25,3.02,-,-,-,78.57,-,-,1.53,2.8,8.55,1,-,-,0.36,,24.59,,22,1,-,-,0.22,-,-,-,-,642.53,456.53
7/11/2016,-,-,-,109.11,4.8,5,0.07,-,5.16,-,-,24.52,96.04,-,2.92,30.21,36.2,9.9,-,-,135.29,177.71,9,22.8,23.34,62.19,27.02,-,-,-,96.8,-,-,7.72,21.37,8.1,12,-,-,0.77,,24.09,,32.37,8,-,-,1.17,-,-,-,-,993.67,680.67
7/12/2016,-,-,-,110.47,5.9,9,0.03,-,5.43,-,-,21.45,105.76,-,1.95,27.28,41.14,17.6,-,-,135.7,143.3,9,22.45,22.47,57.06,26.15,-,-,-,101.04,-,-,8.55,22.83,14.4,10,-,-,0.62,,23.19,,41.52,9,-,-,1.12,-,-,-,-,994.41,715.41
7/13/2016,-,-,-,105.95,6.2,5,0,-,5.36,-,-,21.15,96.46,-,3.13,26.81,37.13,9.9,-,-,141.04,145.96,8,24.55,25.14,58.65,29.98,-,-,-,96.24,-,-,8.95,20.06,8.1,11,-,-,0.42,,25.95,,42.87,9,-,-,1.18,-,-,-,-,974.18,687.18
7/14/2016,-,-,-,121.8,7.2,8,0.05,-,4.12,-,-,25.62,91.81,-,7.4,35.08,39.05,14.3,-,-,133.44,139.56,8,26.96,28.23,57.25,27.94,-,-,-,93.68,-,-,9.14,18.54,11.7,11,-,-,0.53,,29.14,,37.24,11,-,-,1.09,-,-,-,-,998.87,725.87
7/15/2016,-,-,-,99.19,4.7,3,0.05,-,3.15,-,-,21.8,104.59,-,0.88,38.48,34.92,8.25,-,-,114.69,133.31,7,23.02,23.36,62.66,22.97,-,-,-,91.72,-,-,34.39,19.08,6.75,12,-,-,0.39,,24.11,,38.82,8,-,-,0.85,-,-,-,-,942.13,694.13
7/16/2016,-,-,-,71.79,0.3,1,0.01,-,0.53,-,-,22.29,90.64,-,0,23.6,29.75,8.8,-,-,42.71,64.29,1,22.23,24.55,39.26,4.11,-,-,-,78.89,-,-,27.96,5.3,7.2,6,-,-,0.63,,25.34,,26.5,1,-,-,0.26,-,-,-,-,625.94,518.94
7/17/2016,-,-,-,67.64,0.5,1,0,-,0.59,-,-,24.17,103.19,-,0,12.09,29.2,9.35,-,-,39.06,63.94,0,27.85,25.98,22.55,3.05,-,-,-,71.2,-,-,26.96,3.29,7.65,2,-,-,6.25,,26.82,,25.36,1,-,-,0.28,-,-,-,-,600.97,497.97
7/18/2016,-,-,-,109.57,5.5,5,0,-,5.17,-,-,23.02,82.1,-,6,36.51,36.19,26.95,-,-,142.29,142.71,9,17.54,27.78,61.69,24.98,-,-,-,87.58,-,-,77.76,24.17,22.05,15,-,-,0.8,,28.68,,39.32,8,-,-,1.45,-,-,-,-,"1,066.81",781.81
7/19/2016,-,-,-,113.26,4.8,6,0,-,5.69,-,-,21.22,96.07,-,2.45,54.5,42.33,40.15,-,-,143.96,146.04,8,16.88,25.31,52.2,25.1,-,-,-,90.81,-,-,29.44,29.22,32.85,13,-,-,0.19,,26.13,,45.8,10,-,-,1.41,-,-,-,-,"1,082.81",792.81
7/20/2016,-,-,-,107.62,5.4,6,0,-,4.38,-,-,22.15,128.47,-,0.94,54.95,45.51,48.95,-,-,149.09,147.91,15,20.62,22.23,57.53,28.31,-,-,-,93.79,-,-,9.62,33.54,40.05,15,-,-,0.15,,22.95,,32.12,10,-,-,1.19,-,-,-,-,"1,123.47",826.47
7/21/2016,-,-,-,115.35,4.9,5,0,-,4.56,-,-,22.13,144.7,-,0.8,57.8,49.33,57.75,-,-,139.36,150.64,12,23.03,24.01,55.56,25.28,-,-,-,93.96,-,-,8.27,27.33,47.25,12,-,-,0.4,,24.78,,36.13,10,-,-,1.09,-,-,-,-,"1,153.41",863.41
7/22/2016,-,-,-,113.01,4.7,6,0,-,4.55,-,-,21.74,134.87,-,5.74,51.67,47.68,39.05,-,-,128.1,133.9,9,22.74,22.84,56.4,21.59,-,-,-,116.25,-,-,7.72,28.01,31.95,17,-,-,0.54,,23.57,,38.45,8,-,-,0.83,-,-,-,-,"1,095.90",833.9
7/23/2016,-,-,-,81.08,0.1,1,0,-,0.71,-,-,26.36,119.21,-,0.44,21.18,29.74,22.55,-,-,42.51,64.49,6,20.87,22.25,24.91,4.62,-,-,-,89.85,-,-,1.26,5.25,18.45,10,-,-,0.31,,22.97,,28.14,1,-,-,0.2,-,-,-,-,665.45,558.45
7/24/2016,-,-,-,81,0.3,1,0,-,0.6,-,-,22.98,109.22,-,0,20.61,30.15,25.3,-,-,42.51,62.33,5,15.89,20.85,28.25,4.97,-,-,-,73.96,-,-,1.26,4.08,20.7,2,-,-,0.49,,21.53,,27.41,1,-,-,0.19,-,-,-,-,623.58,518.74
7/25/2016,-,-,-,99.9,4.7,6,0,-,5.52,-,-,21.9,111.03,-,38.88,29.52,46.09,19.25,-,-,139.43,139.57,8,8.51,19.14,59.15,25.79,-,-,-,86.79,-,-,8.23,23.95,15.75,13,-,-,0.35,,19.76,,37.59,8,-,-,1.2,-,-,-,-,997,718
7/26/2016,-,-,-,126.58,5,4,0,-,5.56,-,-,24.88,130.1,-,43.57,31.57,36.7,21.45,-,-,139.43,138.56,7,7.77,21.74,53.42,21.99,-,-,-,89.45,-,-,7.64,21.91,17.55,10,-,-,0.71,,22.44,,34.18,8,-,-,1.23,-,-,-,-,"1,032.43",754.44
7/27/2016,-,-,-,144.54,5.4,6,0,-,5.69,-,-,21.36,110.82,-,1.73,49.27,40.13,23.65,-,-,136.03,139.97,8,8.06,22.24,53.84,22.66,-,-,-,89.16,-,-,7.48,80.62,19.35,73,-,-,0.26,,22.95,,35.19,9,-,-,1.08,-,-,-,-,"1,137.48",861.48
7/28/2016,-,-,-,139.9,4.8,7,0,-,3.67,-,-,25.28,111.24,-,3.41,68.64,44.22,18.15,-,-,137.21,146.79,8,9.45,23.91,50.52,20.57,-,-,-,99.82,-,-,8.12,100.75,14.85,152,-,-,0.19,,24.68,,37.54,8,-,-,1.01,-,-,-,-,"1,269.72",985.72
7/29/2016,-,-,-,131.53,4,6,0,-,3.38,-,-,20.79,101.62,-,2.91,61.19,41.25,31.9,-,-,135.37,212.63,7,14.82,16.54,51.16,20.23,-,-,-,103.38,-,-,6.49,16.15,26.1,159,-,-,0.11,,17.07,,35.93,7,-,-,0.75,-,-,-,-,"1,234.30",886.3
7/30/2016,-,-,-,102.97,0.1,2,0,-,0.45,-,-,24.85,107.24,-,5.1,39.46,28.71,28.05,-,-,51.51,197.49,1,23.81,13.46,23.66,6.03,-,-,-,79.08,-,-,0.79,3.95,22.95,141,-,-,2.18,,13.89,,28,0,-,-,0.1,-,-,-,-,947.83,698.83
7/31/2016,-,-,-,101.28,0.2,2,0," 	118.00 ",0.46,-," 	800.00 ",20.64,90.84,-,0,29.57,34.15,28.6,-,-,51.51,196.96,2,23.24,12.6,21.45,2.94,772,174,-,66.78,-,-,0.65,2.46,23.4,123,-,-,1.58,,13,,28.01,1,-,-,0.16,-,-,-,-,"2,742.48",748.01
8/1/2016,-,-,-,103.52,0.1,1,0,-,0.9,-,-,20.54,88.16,-,0.42,26.15,29.14,28.6,-,-,56.28,230.72,2,17.94,12.17,9.64,1.04,-,-,-,65.51,-,-,1.41,2.92,23.4,110,-,-,0.56,,12.56,,23.13,1,-,-,0,-,-,-,-,868.81,581.81
8/2/2016,-,-,-,139.12,4.4,4,0,-,5.37,-,-,24.16,96.68,-,1.83,63.96,44.24,34.1,-,-,163.69,268.31,8,11.36,14.55,52.93,26.94,-,-,-,94.53,-,-,7.51,19.24,27.9,160,-,-,0.35,,15.02,,32.95,7,-,-,1.58,-,-,-,-,"1,329.72",897.72
8/3/2016,-,-,-,126.67,4.5,6,0,-,5.87,-,-,22.59,91.26,-,7.72,47.06,42.36,16.5,-,-,151.95,244.05,8,11.3,13.84,65.11,23.52,-,-,-,98.89,-,-,8.14,21.22,13.5,159,-,-,0.56,,14.29,,38.66,8,-,-,1.37,-,-,-,-,"1,251.93",855.93
8/4/2016,-,-,-,132.18,4.4,5,0,-,5.84,-,-,31.98,93.76,-,14.37,48.27,40.7,34.1,-,-,149.47,244.53,8,11.51,14.87,60.73,20.88,-,-,-,92.59,-,-,7.77,19.22,27.9,90,-,-,0.25,,15.35,,37.83,8,-,-,1.21,-,-,-,-,"1,220.71",826.71
8/5/2016,-,-,-,121.84,4.1,6,0,-,4.41,-,-,21.49,94.97,-,37.15,29.52,43.6,45.65,-,-,135.05,234.95,8,11.58,13.56,54.56,21.14,-,-,-,93.67,-,-,8.32,18.67,37.35,14,-,-,0.15,,14,,37.49,6,-,-,0.85,-,-,-,-,"1,118.07",748.07
8/6/2016,-,-,-,98.87,0,0,0,-,0.79,-,-,24.1,78.18,-,33.64,6.48,30.18,42.9,-,-,40.77,166.23,1,9.89,13.75,22.27,4.06,-,-,-,84.98,-,-,0.79,4.09,35.1,7,-,-,0.19,,14.2,,22.92,2,-,-,0.24,-,-,-,-,744.62,537.62
8/7/2016,-,-,-,101.71,0.2,1,0,-,0.44,-,-,27.68,76.86,-,38.62,4.71,30.63,42.35,-,-,40.77,164.42,1,9.97,13.86,23.75,4.6,-,-,-,82.05,-,-,0.96,3.1,34.65,5,-,-,0.36,,14.31,,27.97,2,-,-,0.19,-,-,-,-,753.16,547.97
8/8/2016,-,-,-,128.48,4.3,8,0,-,6.35,-,-,19.96,87.59,-,15.85,39.4,47.18,43.45,-,-,152.03,247.97,8,13.93,15.23,61.94,28.26,-,-,-,90.34,-,-,8.95,25.49,35.55,18,-,-,0.28,,15.72,,37.73,10,-,-,1.38,-,-,-,-,"1,171.36",771.36
8/9/2016,-,-,-,125.26,4.6,7,0,-,6.19,-,-,19.31,89,-,2.02,41.62,45.27,24.75,-,-,158.71,250.29,8,15.4,15.84,65.79,29.18,-,-,-,113.71,-,-,8.72,23.43,20.25,19,-,-,0.35,,16.35,,36.07,10,-,-,1.3,-,-,-,-,"1,157.41",748.41
8/10/2016,-,-,-,127.48,5.2,10,0,-,6.68,-,-,18.4,130.31,-,3.7,45.94,43.41,18.15,-,-,144.89,242.11,67,16.18,14.92,63.48,27.04,-,-,-,100.07,-,-,9.89,29.38,14.85,21,-,-,0.64,,15.4,,33.68,9,-,-,1.37,-,-,-,-,"1,220.17",833.17
8/11/2016,-,-,-,128.94,4.8,5,0,-,5.32,-,-,20.79,131.34,-,7.04,55.57,39.15,34.65,-,-,144.89,237.41,19,17.02,14.93,62.27,28.89,-,-,-,98.49,-,-,8.24,20.49,28.35,19,-,-,0.42,,15.42,,31.75,12,-,-,1.31,-,-,-,-,"1,192.48",810.18
8/12/2016,-,-,-,125.6,4.6,5,0,-,3.83,-,-,19.91,124.4,-,0.83,48.28,40.63,18.7,-,-,132.27,231.73,6,19.11,15.07,61.07,23.11,-,-,-,95.08,-,-,6.65,20.24,15.3,20,-,-,4.87,,15.55,,31.88,9,-,-,1.01,-,-,-,-,"1,099.72",735.72
8/13/2016,-,-,-,100.59,0.2,0,0,-,3.1,-,-,18.18,119.44,-,0,24.1,29.55,31.35,-,-,45.04,170.96,1,17.57,12.98,21.77,26.92,-,-,-,78.69,-,-,0.79,4.59,25.65,11,-,-,5.32,,13.4,,21.89,1,-,-,0.28,-,-,-,-,785.36,569.36
8/14/2016,-,-,-,99.21,0.4,3,0,-,2.9,-,-,21.57,94.43,-,0.43,16.55,29.8,36.85,-,-,41.3,170.7,1,13.3,13.38,22.23,7.36,-,-,-,72.29,-,-,1.33,2.77,30.15,4,-,-,0.23,,13.81,,21.29,5,-,-,0.3,-,-,-,-,725.58,513.58
8/15/2016,-,-,-,131,4.1,8,0,-,6.1,-,-,20.43,94.21,-,6.16,48.6,39.98,41.8,-,-,155.41,250.59,8,10.76,14.08,61.67,26.64,-,-,-,91.98,-,-,8.65,24.41,34.2,17,-,-,0.66,,14.54,,34.7,9,-,-,1.57,-,-,-,-,"1,164.24",758.24
8/16/2016,-,-,-,129.06,4.8,4,0,-,5.87,-,-,24.74,89.5,-,1.1,58.54,36.8,46.2,-,-,158.7,248.3,7,11.09,15.04,59.67,24.83,-,-,-,117.8,-,-,8.91,24.04,37.8,20,-,-,0.3,,15.53,,33.35,9,-,-,1.57,-,-,-,-,"1,193.54",786.54
8/17/2016,-,-,-,128.4,4.8,5,0,-,6.21,-,-,19.84,109.74,-,1.14,49.16,35.61,24.75,-,-,146.56,249.44,8,11.33,15.07,62.72,26.29,-,-,-,104.6,-,-,8.72,23.68,20.25,16,-,-,0.6,,15.56,,31.3,10,-,-,1.43,-,-,-,-,"1,136.20",740.2
8/18/2016,-,-,-,135.07,4,4,0,-,5.16,-,-,19.61,118.68,-,1,53.77,37.66,25.85,-,-,148.01,260.99,7,11.94,15.14,58.01,25.54,-,-,-,99.36,-,-,8.02,22.33,21.15,18,-,-,0.52,,15.63,,31.46,9,-,-,1.26,-,-,-,-,"1,158.16",749.16
8/19/2016,-,-,-,130.57,3.9,6,0,-,3.83,-,-,20.42,114.08,-,5.57,45.9,37.67,24.2,-,-,133.57,210.43,14,11.64,15.26,47.45,24.65,-,-,-,95.87,-,-,7.49,19.73,19.8,17,-,-,0.42,,15.75,,33.49,8,-,-,1.03,-,-,-,-,"1,067.72",723.72
8/20/2016,-,-,-,104.82,0.1,2,0,-,1.31,-,-,19.69,128.61,-,0.43,27.46,30.36,6.05,-,-,42.87,172.13,1,16.61,15.63,26.77,6.83,-,-,-,77.26,-,-,0.89,5.21,4.95,10,-,-,0.21,,16.14,,26.52,1,-,-,0.42,-,-,-,-,745.27,530.27
8/21/2016,-,-,-,99.31,0.3,0,0,-,1.01,-,-,20.82,119.84,-,0,26.71,29.56,6.6,-,-,40.92,184.08,1,16.51,14.21,20.65,9.72,-,-,-,77.02,-,-,0.96,3.23,5.4,4,-,-,0.19,,14.67,,25.82,1,-,-,0.4,-,-,-,-,723.93,498.93
8/22/2016,-,-,-,124.03,4.8,6,0,-,6.88,-,-,20.02,117.29,-,0.71,48.06,39.13,7.15,-,-,142.22,228.78,10,13.44,15.91,51.26,27.38,-,-,-,94.36,-,-,7.79,28.27,5.85,17,-,-,0.38,,16.42,,32.98,6,-,-,1.42,-,-,-,-,"1,073.53",702.53
8/23/2016,-,-,-,101.87,4.8,8,0,-,5.29,-,-,20.62,114.12,-,6.51,44.2,36.54,7.7,-,-,144.87,218.13,7,11.44,16.15,42.39,23.17,-,-,-,98.98,-,-,6.35,53.81,6.3,19,-,-,0.57,,16.67,,33.59,8,-,-,0.99,-,-,-,-,"1,057.06",694.06
8/24/2016,-,-,-,123.8,5.3,8,0,-,5.08,-,-,18.61,120.13,-,1.81,54.75,37.67,8.25,-,-,156.05,218.95,8,18.85,15.58,39.4,24.95,-,-,-,97.17,-,-,8.35,29.72,6.75,15,-,-,0.65,,16.08,,38.19,8,-,-,1,-,-,-,-,"1,086.09",711.09
8/25/2016,-,-,-,143.39,4.3,6,0,-,5,-,-,21.55,123.56,-,0.25,50.15,37.57,9.9,-,-,146.11,213.89,6,18.78,21.75,40.48,23.61,-,-,-,96.44,-,-,7.03,20.9,8.1,18,-,-,0.51,,22.45,,41.51,8,-,-,1,-,-,-,-,"1,096.23",736.23
8/26/2016,-,-,-,125.48,4,6,0,-,3.68,-,-,19.75,146.44,-,0.96,47.67,40.55,6.6,-,-,128.54,211.46,7,18.28,26.9,33.43,21.86,-,-,-,104.18,-,-,6.28,17.25,5.4,17,-,-,0.38,,27.77,,34.98,9,-,-,0.7,-,-,-,-,"1,071.54",731.54
8/27/2016,-,-,-,98.81,0.3,0,0,-,0.61,-,-,19.94,135.75,-,8.88,21.41,29.29,7.15,-,-,45.2,182.8,0,16.29,24.95,20.98,5.04,-,-,-,97.1,-,-,0.54,12.46,5.85,7,-,-,2.83,,25.76,,27.77,4,-,-,0.11,-,-,-,-,800.82,572.82
8/28/2016,-,-,-,97.62,0.4,1,0,-,0.56,-,-,21.63,95.81,-,0,17.62,29.98,7.15,-,-,52.6,146.4,1,15.4,21.41,20.13,4.21,-,-,-,70,-,-,0.62,2.74,5.85,7,-,-,0.24,,22.1,,28.17,2,-,-,0.14,-,-,-,-,671.78,472.78
8/29/2016,-,-,-,144.33,4.1,6,0,-,5.91,-,-,24.92,115.72,-,1.31,43.24,38.38,6.6,-,-,143.14,210.86,8,19.05,15.73,29.62,20.39,-,-,-,87.89,-,-,6.99,26.26,5.4,10,-,-,0.26,,16.23,,33.85,8,-,-,1.16,-,-,-,-,"1,033.34",679.34
8/30/2016,-,-,-,139.63,5.3,8,0,-,5.3,-,-,19.12,105.81,-,0.48,44.72,39.35,5.5,-,-,152.55,240.45,7,17.75,15.98,34.14,21.58,-,-,-,101.9,-,-,6.74,53.94,4.5,12,-,-,0.31,,16.49,,33.89,8,-,-,1.17,-,-,-,-,"1,101.60",708.6
8/31/2016,-,-,-,133.57,5.7,7,0," 	146.00 ",5.11,-," 	880.00 ",19.17,118.48,-,5.54,36.82,40.63,4.4,-,-,176.46,392.54,8,16.65,17.74,37.88,20.34,785,182,-,104.69,-,-,7.1,31.31,3.6,11,-,-,0.15,,18.31,,34.56,8,-,-,1.03,-,-,-,-,"3,258.78",842.78
9/1/2016,-,-,-,129.59,4.9,6,0,-,4.67,-,-,17.88,146.03,-,0.73,45.93,37.41,4.95,-,-,128.14,237.86,7,19.98,17.51,36.69,25.8,-,-,-,103.32,-,-,6.47,36.65,4.05,10,-,-,2.33,,18.08,,36.4,8,-,-,1.09,-,-,-,-,"1,097.46",731.46
9/2/2016,-,-,-,123.11,7.4,6,0,-,4.91,-,-,19.08,157.06,-,1.97,317.49,36.21,41.8,-,-,143.86,184.14,8,25.09,18.64,39.61,14.8,-,-,-,95.78,-,-,6.36,58.77,34.2,9,-,-,2.46,,19.24,,35.2,8,-,-,0.97,-,-,-,-,"1,419.15","1,091.15"
9/3/2016,-,-,-,104.51,2.6,2,0,-,0.51,-,-,20.79,130.42,-,0,71.71,30.18,52.8,-,-,44.48,123.52,5,26.28,16.46,22.9,39.93,-,-,-,72.15,-,-,0.75,8.2,43.2,8,-,-,2.23,,17,,25.78,2,-,-,0.18,-,-,-,-,873.58,705.58
9/4/2016,-,-,-,103.05,2.9,0,0,-,5.31,-,-,28.2,127.36,-,5.21,45.77,29.01,39.05,-,-,47.53,71.47,0,23.76,67.79,22.23,4.46,-,-,-,77.7,-,-,1.06,6.29,31.95,5,-,-,0.25,,69.97,,25.08,1,-,-,0.16,-,-,-,-,841.56,722.56
9/5/2016,-,-,-,98.41,2.9,1,0,-,0.68,-,-,32.41,98.11,-,0,43.85,30.47,40.15,-,-,51.12,111.88,4,21.05,74.57,20.16,3.35,-,-,-,79.13,-,-,1.45,3.92,32.85,1,-,-,0.23,,76.97,,26.07,1,-,-,0,-,-,-,-,856.73,693.73
9/6/2016,-,-,-,138,6.6,6,0,-,7.73,-,-,32.86,86.99,-,1.65,80.07,38.03,31.9,-,-,150.03,162.97,11,21.21,51.27,48.39,28.9,-,-,-,102.44,-,-,9.31,50.6,26.1,21,-,-,0.65,,52.93,,32.98,18,-,-,1.82,-,-,-,-,"1,219.43",906.43
9/7/2016,-,-,-,130.46,6.5,5,0,-,7.28,-,-,28.46,113.44,-,1.47,80.71,46.77,30.8,-,-,153.6,213.4,11,31.48,53.39,41.66,23.16,-,-,-,109.75,-,-,8.88,47.05,25.2,14,-,-,0.49,,55.11,,33.1,19,-,-,1.85,-,-,-,-,"1,293.01",926.01
9/8/2016,-,-,-,124.67,8.7,6,0,-,7.96,-,-,33.69,119.58,-,6.17,86.7,43.7,35.2,-,-,157,163,10,21.45,53.61,46.83,24.13,-,-,-,148.51,-,-,7.66,64.3,28.8,16,-,-,1.54,,55.34,,32.51,19,-,-,1.73,-,-,-,-,"1,323.78","1,003.78"
9/9/2016,-,-,-,114.89,7.1,3,0,-,7.33,-,-,31.01,94.93,-,0.94,91.28,38.76,41.8,-,-,140.93,197.07,9,24.38,70.32,38.77,22.08,-,-,-,113.9,-,-,7.59,47.11,34.2,15,-,-,1.91,,72.59,,30.96,18,-,-,1.48,-,-,-,-,"1,276.33",938.33
9/10/2016,-,-,-,84.74,2.4,0,0,-,5.75,-,-,34.28,78.73,-,0,73.27,30.51,58.3,-,-,40.95,161.05,3,17.5,54.11,29.58,13.87,-,-,-,85.63,-,-,1.55,31.28,47.7,13,-,-,0.43,,55.85,,25.29,10,-,-,0.36,-,-,-,-,959.13,757.13
9/11/2016,-,-,-,85.2,2.3,1,0,-,2.91,-,-,36.39,98.82,-,2.91,65.61,29.25,41.25,-,-,51.56,76.44,1,20.46,58.62,24.99,7.74,-,-,-,68.91,-,-,1.15,3.87,33.75,10,-,-,0.6,,60.51,,24.52,3,-,-,0.28,-,-,-,-,813.04,685.04
9/12/2016,-,-,-,117.91,5.6,5,0,-,19.44,-,-,39.78,109.38,-,5.81,105.03,45.54,52.25,-,-,137.67,170.33,32,20.34,60.34,68.9,32.55,-,-,-,124.48,-,-,14.04,80.2,42.75,16,-,-,0.81,,62.28,,34.42,19,-,-,4.51,-,-,-,-,"1,426.36","1,118.36"
9/13/2016,-,-,-,108.91,6.7,5,0,-,13.93,-,-,32.36,97.91,-,1.1,100.64,45.3,39.05,-,-,156.78,218.22,24,18.3,62.39,63.61,33.88,-,-,-,130.29,-,-,14.05,73.66,31.95,17,-,-,0.83,,64.41,,33.73,21,-,-,4.74,-,-,-,-,"1,419.74","1,044.74"
9/14/2016,-,-,-,106.29,6.9,4,0,-,15.6,-,-,33.92,128.04,-,0.96,101.38,50.92,37.95,-,-,155.31,236.69,23,15.11,60.76,67.51,34.5,-,-,-,138.69,-,-,16.04,68.11,31.05,17,-,-,0.85,,62.72,,30.54,19,-,-,5.64,-,-,-,-,"1,468.48","1,076.48"
9/15/2016,-,-,-,107.11,5.6,5,0,-,11.53,-,-,32.84,116.39,-,4.21,106.07,51.08,46.75,-,-,153.5,245.5,25,13.48,57.85,63.31,29.55,-,-,-,167.61,-,-,16.09,73.38,38.25,22,-,-,0.72,,59.72,,34.59,20,-,-,4.99,-,-,-,-,"1,512.12","1,113.12"
9/16/2016,-,-,-,95.78,6.6,4,0,-,11.34,-,-,35.57,114.96,-,12.37,106.26,52.35,56.1,-,-,141.96,218.04,25,14.03,56.9,57.82,37.13,-,-,-,135.79,-,-,14.43,122.27,45.9,18,-,-,1.07,,58.74,,33.22,16,-,-,4.83,-,-,-,-,"1,496.46","1,136.46"
9/17/2016,-,-,-,65.26,3.4,0,0,-,1.48,-,-,33.31,113,-,4.03,77.11,32.55,55.55,-,-,46.91,175.09,4,12.54,53.66,35.72,19.08,-,-,-,81.77,-,-,1.33,8.04,45.45,16,-,-,1.03,,55.39,,26.38,3,-,-,0.86,-,-,-,-,971.94,749.94
9/18/2016,-,-,-,67.29,2.5,1,0,-,0.87,-,-,38.88,111.05,-,2.36,75.3,33,51.7,-,-,46.76,129.24,2,21.21,56.74,30.03,6.72,-,-,-,73.59,-,-,1.89,3.75,42.3,13,-,-,2.42,,58.57,,25.79,2,-,-,1.39,-,-,-,-,901.35,725.35
9/19/2016,-,-,-,118.26,6.3,5,0,-,16.33,-,-,40.65,110.7,-,5.36,119.14,49.92,49.5,-,-,150.06,204.94,25,21.43,61.28,68.14,35.39,-,-,-,132.06,-,-,20.76,53.82,40.5,19,-,-,2.31,,63.26,,37.4,21,-,-,7.94,-,-,-,-,"1,485.45","1,130.45"
9/20/2016,-,-,-,107.29,7.7,5,0,-,12.89,-,-,33.76,130.27,-,10.52,119.23,51.8,56.65,-,-,152.36,164.64,26,21.4,60.07,69.34,35.7,-,-,-,126.54,-,-,19.91,53.22,46.35,17,-,-,0.99,,62.01,,36.5,22,-,-,5.86,-,-,-,-,"1,455.00","1,138.00"
9/21/2016,-,-,-,99.87,7,5,0,-,14.92,-,-,34.23,128.68,-,8.71,116.09,50.86,57.2,-,-,140.08,155.92,26,15.76,59.66,68.37,34.53,-,-,-,123,-,-,20.56,58.45,46.8,17,-,-,1.33,,61.59,,38.36,23,-,-,7.27,-,-,-,-,"1,420.24","1,124.24"
9/22/2016,-,-,-,109.98,5.5,6,0,-,12.72,-,-,34.31,114.19,-,10.03,126.89,51.51,50.05,-,-,151.9,178.1,28,17.66,61.84,62.91,30.58,-,-,-,144.58,-,-,18.3,64.76,40.95,84,-,-,0.98,,63.83,,35.54,21,-,-,6.19,-,-,-,-,"1,532.30","1,202.30"
9/23/2016,-,-,-,100.02,4.5,5,0,-,13.98,-,-,33,118.5,-,10.23,125.11,45.24,57.75,-,-,138.91,159.09,20,18.94,56.38,67.28,38.73,-,-,-,128.44,-,-,14.44,62.2,47.25,227,-,-,1.21,,58.2,,33.91,17,-,-,5.09,-,-,-,-,"1,607.40","1,309.40"
9/24/2016,-,-,-,65.84,1.6,1,0,-,1.96,-,-,35.5,96.57,-,14.64,100.32,32.35,53.35,-,-,59.34,115.66,6,17.36,56.84,39.52,24.87,-,-,-,72.08,-,-,1.69,18.26,43.65,244,-,-,0.74,,58.67,,23.1,5,-,-,1.53,-,-,-,-,"1,191.44","1,016.44"
9/25/2016,-,-,-,68.57,1.9,1,0,-,2.89,-,-,36.1,90.21,-,5.06,82.08,32.2,56.65,-,-,46.85,133.15,2,14.93,57.96,35.74,11.44,-,-,-,58.96,-,-,1.66,4.02,46.35,187,-,-,1.23,,59.83,,22.08,3,-,-,1.46,-,-,-,-,"1,064.32",884.32
9/26/2016,-,-,-,114.49,5.4,6,0,-,15.09,-,-,37.29,133.98,-,17.13,115.86,50.42,54.45,-,-,165.35,218.65,25,14.73,60.5,71.09,33.53,-,-,-,110.3,-,-,21.16,52.48,44.55,196,-,-,0.85,,62.45,,34.83,23,-,-,7.87,-,-,-,-,"1,692.45","1,308.45"
9/27/2016,-,-,-,120.19,6.2,5,0,-,12.74,-,-,32.72,148.11,-,34.79,115.78,50.1,51.15,-,-,158.83,211.17,23,19.03,62.51,70.64,50.08,-,-,-,113.49,-,-,20.96,43.21,41.85,164,-,-,2.37,,64.53,,31.37,23,-,-,7.38,-,-,-,-,"1,684.20","1,314.20"
9/28/2016,-,-,-,123.69,4.8,5,0,-,17.28,-,-,33.25,108.15,-,28.81,100.72,54.74,39.6,-,-,140.09,171.91,23,14.65,58.55,70.74,35.75,-,-,-,122.71,-,-,20.21,69.73,32.4,176,-,-,2.02,,60.44,,31.87,22,-,-,7.92,-,-,-,-,"1,576.03","1,264.03"
9/29/2016,-,-,-,129.17,4.4,5,0,-,12.78,-,-,33.55,116.45,-,27.27,116.41,51.93,42.9,-,-,137.75,172.25,44,16.56,74.01,66.43,30.14,-,-,-,141.31,-,-,18.84,67.01,35.1,190,-,-,2.17,,76.39,,30.06,22,-,-,8.17,-,-,-,-,"1,672.05","1,362.05"
9/30/2016,-,-,-,120.3,5.2,5,0," 	146.00 ",13.44,-," 	1,140.00 ",32.09,141.59,-,28.81,121.17,45.59,42.9,-,-,142.43,165.57,20,15.98,61.66,59.32,24.81,812,206,-,126.56,-,-,16.55,82.52,35.1,173,-,-,1.42,,63.65,,31.78,16,-,-,6.01,-,-,-,-,"3,902.45","1,436.45"
10/1/2016,-,-,-,88.57,1.1,0,0,-,5.11,-,-,36.28,129.54,-,7.49,110.08,34.1,45.65,-,-,67.28,79.72,2,20.68,59.84,41.74,23.26,-,-,-,85.41,-,-,2.02,66.23,37.35,202,-,-,1.12,,61.77,,17.88,5,-,-,1.98,-,-,-,-,"1,233.20","1,086.20"
10/2/2016,-,-,-,85.42,1.2,1,0,-,2.56,-,-,37.3,113,-,12.83,97.17,32.33,58.3,-,-,56.71,102.29,2,18.38,64.02,34.1,9.01,-,-,-,61.46,-,-,1.91,28.68,47.7,171,-,-,3.1,,66.09,,16.22,2,-,-,2.57,-,-,-,-,"1,128.35",969.35
10/3/2016,-,-,-,125.62,4.7,9,0,-,16.61,-,-,34.34,127.54,-,29.75,113.21,49.05,55,-,-,145.99,155.01,33,14.68,61.97,68.66,34.8,-,-,-,109.11,-,-,19.6,57.07,45,186,-,-,0.84,,63.96,,29.96,22,-,-,8.86,-,-,-,-,"1,621.33","1,320.33"
10/4/2016,-,-,-,124.6,4.9,5,0,-,13.13,-,-,33.97,113.99,-,39.48,126.84,52.53,44,-,-,138.05,153.95,22,14.54,84.86,73.16,28.55,-,-,-,119.61,-,-,20.74,65.51,36,178,-,-,1.65,,87.6,,30.64,24,-,-,7.55,-,-,-,-,"1,644.85","1,352.85"
10/5/2016,-,-,-,116.22,5.3,5,0,-,15.83,-,-,33.73,100.5,-,42.88,123.1,48.93,44,-,-,153.74,161.26,26,20.84,85.33,69.84,31.9,-,-,-,121.23,-,-,19.78,67.25,36,177,-,-,3.51,,88.08,,34.85,22,-,-,8.03,-,-,-,-,"1,662.13","1,347.13"
10/6/2016,-,-,-,132.71,5.1,5,0,-,12.28,-,-,35.49,120.29,-,36.32,124.28,44.9,53.35,-,-,199.18,418.82,22,21.48,87.62,65.87,29.4,-,-,-,138.23,-,-,18.42,62.03,43.65,160,-,-,0.86,,90.45,,29.23,20,-,-,7.02,-,-,-,-,"1,983.98","1,365.98"
10/7/2016,-,-,-,121.12,4.5,4,0,-,13,-,-,32.8,102.48,-,18.75,118.83,41.08,40.7,-,-,210.22,548.78,18,21.86,69.98,58.32,30.79,-,-,-,153.89,-,-,15.76,65.64,33.3,146,-,-,1.2,,72.24,,29.97,16,-,-,5.1,-,-,-,-,"1,994.31","1,235.31"
10/8/2016,-,-,-,85.34,0.3,1,0,-,10.41,-,-,33.87,48.29,-,0.12,71.59,27.08,44.55,-,-,131.07,474.93,3,19.5,34.96,32.91,28.84,-,-,-,67.5,-,-,1.76,9.92,36.45,164,-,-,0.67,,36.09,,21.14,5,-,-,1.45,-,-,-,-,"1,391.74",785.74
10/9/2016,-,-,-,84.4,0.5,0,0,-,0.94,-,-,31.32,66.27,-,4.69,64.27,26.72,35.75,-,-,129.14,474.86,2,17.44,32.17,26.72,6.87,-,-,-,57.1,-,-,1.76,2.72,29.25,161,-,-,0.44,,33.21,,19.77,2,-,-,1.3,-,-,-,-,"1,312.61",708.61
10/10/2016,-,-,-,81.71,0.2,2,0,-,0.9,-,-,36.28,47.77,-,9.66,68.3,26.67,33.55,-,-,127.4,484.6,1,10.35,42.85,22.68,2.94,-,-,-,51.07,-,-,1.68,2.67,27.45,132,-,-,0.63,,44.23,,20,2,-,-,1.65,-,-,-,-,"1,282.24",670.24
10/11/2016,-,-,-,124.55,4.2,4,0,-,12.61,-,-,32.7,76.48,-,22.99,99.5,41.58,37.4,-,-,229.62,561.38,20,11.85,54.9,71.9,30.27,-,-,-,123,-,-,21.77,52.23,30.6,153,-,-,0.88,,56.67,,29.13,24,-,-,8.57,-,-,-,-,"1,935.78","1,144.78"
10/12/2016,-,-,-,125.8,5.1,6,0,-,15.57,-,-,33.93,97.8,-,15.93,99.58,51.01,38.5,-,-,231.75,555.25,22,9.97,53.69,71.58,42.64,-,-,-,130.06,-,-,21.51,78,31.5,147,-,-,1.07,,55.43,,27.1,22,-,-,9.24,-,-,-,-,"1,999.01","1,212.01"
10/13/2016,-,-,-,130.98,4.7,6,0,-,12.23,-,-,40.27,100.57,-,20.09,105.22,46.58,38.5,-,-,215.76,555.24,21,14.49,55.57,60.76,28.36,-,-,-,122.11,-,-,20.09,52.08,31.5,172,-,-,2.25,,57.36,,30.11,23,-,-,7.77,-,-,-,-,"1,974.59","1,203.59"
10/14/2016,-,-,-,109.97,4.5,5,0,-,12.15,-,-,33.48,77.37,-,18.38,107.48,39.71,33.55,-,-,213.17,518.83,19,20.91,55.9,61.31,23.97,-,-,-,126.1,-,-,18.21,62.95,27.45,161,-,-,2.1,,57.7,,26.38,18,-,-,6.37,-,-,-,-,"1,860.94","1,128.94"
10/15/2016,-,-,-,85.64,0.6,1,0,-,2.06,-,-,35.11,61.48,-,0.49,97.06,27.9,38.5,-,-,146.75,474.25,4,21.04,50.76,38.76,12.66,-,-,-,87.63,-,-,4.3,11.25,31.5,186,-,-,0.86,,52.4,,0,7,-,-,2.12,-,-,-,-,"1,481.12",860.12
10/16/2016,-,-,-,86.18,1.1,1,0,-,2.12,-,-,36.32,70.56,-,5.58,88.16,28.37,37.95,-,-,138.21,469.79,2,17.38,54.8,37.87,7.52,-,-,-,59.51,-,-,2.53,5.48,31.05,182,-,-,0.55,,56.57,,18.75,5,-,-,2.89,-,-,-,-,"1,449.24",841.24
10/17/2016,-,-,-,121.51,5,5,0,-,14.43,-,-,35.17,95.39,-,10.22,107.6,44.75,37.4,-,-,238.74,550.26,23,11.72,56.16,71.61,29.55,-,-,-,108.03,-,-,21.89,48.56,30.6,138,-,-,2.63,,57.98,,37.5,24,-,-,10.02,-,-,-,-,"1,936.72","1,147.72"
10/18/2016,-,-,-,125.56,4.6,5,0,-,11.72,-,-,34.3,105.05,-,32.84,111.44,43.28,35.2,-,-,231.19,550.81,48,10.21,58.09,68.03,30.99,-,-,-,128.57,-,-,20.69,61.92,28.8,154,-,-,1.01,,59.96,,42.49,25,-,-,8.46,-,-,-,-,"2,037.21","1,255.21"
10/19/2016,-,-,-,115.51,5.5,5,0,-,14.66,-,-,33.57,82.9,-,22.22,116.42,39.37,36.85,-,-,222.49,545.51,33,13.97,58.12,71.26,34.47,-,-,-,165.51,-,-,21.19,77.32,30.15,138,-,-,2.35,,60,,40.12,23,-,-,9.49,-,-,-,-,"2,017.95","1,249.95"
10/20/2016,-,-,-,124.63,4.3,6,0,-,11.19,-,-,33.75,94.6,-,39.18,112.37,41.01,35.2,-,-,224.63,546.37,19,20.21,57.61,59.97,27.45,-,-,-,119.16,-,-,20.61,50.74,28.8,168,-,-,3.39,,59.47,,28.94,23,-,-,8.63,-,-,-,-,"1,968.21","1,197.21"
10/21/2016,-,-,-,115.99,4.3,4,0,-,9.89,-,-,34.95,138.33,-,25.86,121.09,39.94,38.5,-,-,214.88,533.12,17,20.78,56.36,60.89,27.35,-,-,-,115.69,-,-,18.71,41.09,31.5,151,-,-,4.46,,58.18,,26.67,19,-,-,7.4,-,-,-,-,"1,936.93","1,188.93"
10/22/2016,-,-,-,81.43,0.5,1,0,-,1.36,-,-,35.2,129.33,-,22.04,92.1,27.77,38.5,-,-,140.89,476.11,2,16.88,52.61,38.09,10.44,-,-,-,79.22,-,-,2.89,27.78,31.5,130,-,-,3.91,,54.3,,17.32,8,-,-,3.63,-,-,-,-,"1,524.80",907.8
10/23/2016,-,-,-,79.08,0.9,1,0,-,1.11,-,-,35.53,110.72,-,0,88.85,28.52,41.8,-,-,132.18,473.82,3,16.76,59.23,33.44,8.49,-,-,-,68.32,-,-,2.24,5.75,34.2,121,-,-,0.9,,61.14,,6.05,4,-,-,4.24,-,-,-,-,"1,422.27",816.27
10/24/2016,-,-,-,126,4.5,6,0,-,13.76,-,-,34.6,86.19,-,17.8,93.35,41.91,47.85,-,-,226.29,537.71,20,31.94,57.44,68.79,30.98,-,-,-,126.01,-,-,21.75,49.89,39.15,125,-,-,0.65,,59.29,,28.74,23,-,-,8.83,-,-,-,-,"1,927.42","1,163.42"
10/25/2016,-,-,-,109.15,5.2,5,0,-,10.59,-,-,33.43,98.61,-,38.2,100.16,39,39.6,-,-,222.8,542.2,20,27.18,57.92,61.34,32.53,-,-,-,126.74,-,-,20.09,36.52,32.4,136,-,-,3.9,,59.79,,35.27,24,-,-,8.36,-,-,-,-,"1,925.98","1,160.98"
10/26/2016,-,-,-,116.22,5.1,5,0,-,14.08,-,-,33.23,116.85,-,33.53,93.12,41.39,42.9,-,-,225.65,554.35,19,13.89,60.28,67.67,30.31,-,-,-,131.65,-,-,20.05,38.15,35.1,133,-,-,2.17,,62.22,,36.81,22,-,-,8.91,-,-,-,-,"1,962.63","1,182.63"
10/27/2016,-,-,-,126.38,4.9,5,0,-,11.43,-,-,41.19,102.61,-,70.32,96.05,37.91,37.95,-,-,218.1,547.9,20,30.18,57.43,70.34,27.2,-,-,-,123.25,-,-,19.76,36.8,31.05,124,-,-,3.01,,59.28,,32.2,22,-,-,6.89,-,-,-,-,"1,963.13","1,197.13"
10/28/2016,-,-,-,115.98,4.7,4,0,-,12.13,-,-,37.98,72.61,-,16.32,94.22,33.47,41.25,-,-,199.4,544.6,15,20.75,57.48,60.12,23.8,-,-,-,127.64,-,-,16.78,37.04,33.75,69,-,-,2.48,,59.33,,37.31,17,-,-,5.93,-,-,-,-,"1,760.07","1,016.07"
10/29/2016,-,-,-,84.4,0.4,1,0,-,2.54,-,-,34.18,85.77,-,0.78,74.59,25.28,41.8,-,-,142.02,483.98,3,17.74,55.95,56.95,23.71,-,-,-,72.64,-,-,3.23,6.98,34.2,14,-,-,1.95,,57.76,,22.18,6,-,-,2.11,-,-,-,-,"1,355.14",729.14
10/30/2016,-,-,-,81.39,0.7,0,0,-,1.55,-,-,37.31,116.15,-,25.74,63.69,22.96,42.9,-,-,139.89,472.11,3,15.89,57.97,29.9,7.45,-,-,-,69.82,-,-,2.93,3.68,35.1,13,-,-,0.09,,59.84,,21.63,3,-,-,2.62,-,-,-,-,"1,330.31",718.31
10/31/2016,-,-,-,121.45,4.8,6,0," 	660.00 ",14.65,-," 	1,550.00 ",35.73,125.68,-,22.99,78.06,40.68,39.6,-,-,221.56,541.44,19,17.24,58.61,59.54,29.52,950,233,-,115.91,-,-,20.41,36.13,32.4,18,-,-,1.33,,60.5,,36.77,21,-,-,8.06,-,-,-,-,"5,180.06","1,684.06"
11/1/2016,-,-,-,112.89,5.4,15,0,-,12.53,-,-,34.05,104.09,-,24.4,81.29,25.27,42.9,-,-,239.2,554.8,18,11.95,59.02,64.94,28.02,-,-,-,115.15,-,-,20.19,33.98,35.1,16,-,-,1.95,,60.92,,34.45,23,-,-,8.7,-,-,-,-,"1,783.19",989.19
11/2/2016,-,-,-,112.97,4.7,5,0,-,14.49,-,-,37.14,121.93,-,58.36,70.6,47.88,51.15,-,-,228.07,549.93,19,12.56,58.07,66.25,31.65,-,-,-,118.45,-,-,21.15,36.93,41.85,18,-,-,0.9,,59.94,,25.55,22,-,-,8.4,-,-,-,-,"1,842.92","1,064.92"
11/3/2016,-,-,-,89.6,4.6,5,0,-,11.17,-,-,34.55,90.53,-,83.85,62.36,45.87,41.25,-,-,219.68,548.32,19,17.09,59.92,57.32,26.46,-,-,-,118.6,-,-,9.83,35.29,33.75,18,-,-,0.85,,61.85,,31.47,21,-,-,7.83,-,-,-,-,"1,755.04",987.04
11/4/2016,-,-,-,91.1,4.4,8,0,-,10.69,-,-,34.88,116.14,-,92.48,82.44,38.42,36.3,-,-,206.68,539.32,15,15.87,57.52,65.35,26.79,-,-,-,116.03,-,-,17.55,35.29,29.7,26,-,-,0.87,,59.37,,29.29,14,-,-,5.94,-,-,-,-,"1,775.42","1,029.42"
11/5/2016,-,-,-,61.55,1.2,1,0,-,2.06,-,-,34.47,145.33,-,109.51,59.96,23.25,46.2,-,-,149.36,476.64,4,14.6,54.09,43.3,16.25,-,-,-,66.16,-,-,2.8,6.68,37.8,24,-,-,2.52,,55.83,,21.09,6,-,-,2.46,-,-,-,-,"1,468.11",842.11
11/6/2016,-,-,-,68.58,1.4,1,0,-,1.36,-,-,37.51,145.62,-,99.81,54.97,24.49,40.7,-,-,153.33,491.67,2,13.73,59.96,31.47,11.73,-,-,-,57.17,-,-,2.2,4.56,33.3,21,-,-,2.64,,61.9,,20.02,4,-,-,3.31,-,-,-,-,"1,449.43",804.43
11/7/2016,-,-,-,104.66,4.8,6,0,-,14.22,-,-,33.26,119.94,-,52.37,85.72,46.23,43.45,-,-,227.38,553.62,20,10.56,61.1,70,30.47,-,-,-,113.09,-,-,20.6,78.24,35.55,12,-,-,3.2,,63.07,,28.16,22,-,-,9.1,-,-,-,-,"1,868.79","1,087.79"
11/8/2016,-,-,-,113.19,5,6,0,-,12.62,-,-,33.59,140.95,-,60.25,104.44,38.43,44,-,-,221.14,538.86,18,11.38,60.29,65.22,36.31,-,-,-,120.97,-,-,18.28,109.07,36,17,-,-,3.24,,62.23,,28.29,22,-,-,7.46,-,-,-,-,"1,934.21","1,174.21"
11/9/2016,-,-,-,108.89,4.9,5,0,-,14.75,-,-,35.16,121.36,-,110.31,82.24,43.45,46.75,-,-,220.04,540.76,18,12.65,54.28,68.24,28.09,-,-,-,153.92,-,-,17.84,40.42,38.25,11,-,-,0.94,,56.03,,33.56,21,-,-,6.46,-,-,-,-,"1,894.29","1,133.49"
11/10/2016,-,-,-,87.91,5,5,0,-,4.45,-,-,33.62,122.53,-,68.46,70.43,33.85,36.85,-,-,218.94,550.06,7,15.48,47.23,54.48,28.22,-,-,-,119.72,-,-,7.04,23.8,30.15,21,-,-,2.74,,48.75,,32.89,10,-,-,2.8,-,-,-,-,"1,688.40",919.4
11/11/2016,-,-,-,60.56,1.5,1,0,-,1.59,-,-,31.52,92.73,-,108.56,24.66,25.95,34.65,-,-,170.71,495.29,2,12.88,43.34,24.94,3.26,-,-,-,73.11,-,-,2.24,3.64,28.35,8,-,-,2.19,,44.74,,18.77,6,-,-,1.78,-,-,-,-,"1,323.96",657.96
11/12/2016,-,-,-,58.65,1.4,0,0,-,16.58,-,-,35.78,78.77,-,103.94,33.01,24.21,30.8,-,-,161.83,489.17,1,14.97,38.82,31.8,12.03,-,-,-,69.59,-,-,2.88,6.78,25.2,9,-,-,1.09,,40.07,,14.78,6,-,-,2.22,-,-,-,-,"1,310.37",659.37
11/13/2016,-,-,-,58.14,1.3,1,0,-,2.03,-,-,35.04,113.99,-,14.78,58.91,28.99,45.65,-,-,150.28,484.72,3,12.19,47.97,27.61,7.64,-,-,-,54.55,-,-,3.2,3.35,37.35,10,-,-,0.67,,49.52,,15.19,3,-,-,2.71,-,-,-,-,"1,272.78",637.78
11/14/2016,-,-,-,107.13,4.8,7,0,-,15.52,-,-,34.75,93.41,-,47.65,83.68,42.63,36.85,-,-,235.18,555.82,19,8.75,57.14,69.57,32.32,-,-,-,107.47,-,-,21.98,34.69,30.15,12,-,-,2.72,,58.98,,34.29,22,-,-,8.47,-,-,-,-,"1,783.95",992.95
11/15/2016,-,-,-,110.47,5.4,5,0,-,13.05,-,-,35.41,107.84,-,22.64,90.49,40.81,39.6,-,-,218.86,560.14,19,7.35,57.74,66.58,32.95,-,-,-,107.64,-,-,19.4,44.99,32.4,14,-,-,2.35,,59.6,,28.2,24,-,-,7.46,-,-,-,-,"1,773.37",994.37
11/16/2016,-,-,-,108.14,5.6,4,0,-,15.33,-,-,34.73,88.79,-,20.16,85.71,45.59,36.3,-,-,242.11,552.89,18,9.42,58.47,71.33,36.5,-,-,-,115.36,-,-,21.52,37.25,29.7,14,-,-,2.87,,60.36,,27.01,22,-,-,9.04,-,-,-,-,"1,772.18",977.18
11/17/2016,-,-,-,114.31,4.9,5,0,-,11.54,-,-,35.31,99.85,-,21.86,89.22,41.73,46.2,-,-,244.3,560.7,18,9.72,59.05,63.38,35.66,-,-,-,116.6,-,-,19.33,35.31,37.8,14,-,-,3.42,,60.95,,24.38,20,-,-,6.64,-,-,-,-,"1,799.16",994.16
11/18/2016,-,-,-,109.36,4.3,4,0,-,10.78,-,-,33.47,80.94,-,14.32,80.71,37.35,38.5,-,-,214.75,538.25,15,11.66,56.87,67.61,24.04,-,-,-,123.59,-,-,19.77,38.96,31.5,10,-,-,4.1,,58.71,,16.65,18,-,-,5.33,-,-,-,-,"1,668.52",915.52
11/19/2016,-,-,-,78.25,0.7,1,0,-,1.69,-,-,35.47,95.24,-,13.79,75.77,27.12,46.2,-,-,161.93,471.07,3,9.27,54.1,42.27,13.53,-,-,-,62.95,-,-,4.01,7.43,37.8,14,-,-,4.41,,55.85,,4.49,7,-,-,2.05,-,-,-,-,"1,330.39",697.39
11/20/2016,-,-,-,78.25,0.7,1,0,-,2.05,-,-,36.66,118.1,-,4.71,66.49,28.17,45.65,-,-,151.33,467.67,2,8.85,55.31,34.08,9.25,-,-,-,53.19,-,-,3.24,4.62,37.35,10,-,-,3.31,,57.09,,9.06,4,-,-,2.59,-,-,-,-,"1,294.72",675.72
11/21/2016,-,-,-,119.37,4.7,5,0,-,16.01,-,-,34.91,92.05,-,22.26,88.91,43.52,42.9,-,-,232.29,550.71,18,14.22,59.42,72.2,32.05,-,-,-,109.03,-,-,22.76,35.53,35.1,12,-,-,5.29,,61.34,,25.11,24,-,-,8.11,-,-,-,-,"1,786.79","1,003.79"
11/22/2016,-,-,-,106.67,5.6,5,0,-,13.87,-,-,34.01,91.45,-,22.77,87.5,36.19,47.3,-,-,242.25,574.75,17,15.82,57.78,68.75,29.42,-,-,-,114.19,-,-,20.65,33.77,38.7,13,-,-,4.32,,59.64,,19.27,24,-,-,6.99,-,-,-,-,"1,790.66",973.66
11/23/2016,-,-,-,105.9,5.7,5,0,-,15.25,-,-,33.19,80.24,-,27.73,93.03,37.58,41.8,-,-,230.1,552.9,18,16.68,58.27,71.78,31.19,-,-,-,128.44,-,-,22.89,42.2,34.2,11,-,-,3.09,,60.15,,22.65,21,-,-,8.62,-,-,-,-,"1,778.58",995.58
11/24/2016,-,-,-,105.62,5.8,6,0,-,15.06,-,-,35.65,70.37,-,24.99,88.84,40.63,39.6,-,-,219.35,548.65,18,20.76,59.07,66.35,28.89,-,-,-,129.52,-,-,20.27,41.42,32.4,12,-,-,2.07,,60.97,,16.85,20,-,-,6.61,-,-,-,-,"1,735.74",967.74
11/25/2016,-,-,-,89.9,2.5,4,0,-,14.56,-,-,34.55,71.78,-,38.42,82.48,36.46,39.05,-,-,215.15,531.85,13,19.34,52.88,57.85,26.05,-,-,-,117.72,-,-,17.79,33.76,31.95,15,-,-,3.65,,54.59,,19.75,16,-,-,4.18,-,-,-,-,"1,644.21",897.21
11/26/2016,-,-,-,56.83,2.6,1,0,-,9.24,-,-,37.93,67.51,-,4.67,73.59,27.52,39.05,-,-,159.11,471.89,2,15.48,55.8,41.82,18.81,-,-,-,70.75,-,-,461.79,5.78,31.95,18,-,-,1.13,,57.6,,17.9,6,-,-,2.09,-,-,-,-,"1,757.84","1,126.84"
11/27/2016,-,-,-,59.65,2.9,1,0,-,1.96,-,-,37.01,70.53,-,15.03,68.62,25.24,41.8,-,-,152.28,465.72,2,12.82,52.57,37.87,6.8,-,-,-,61.47,-,-,3.13,5.04,34.2,14,-,-,1.16,,54.26,,14.01,5,-,-,2.78,-,-,-,-,"1,248.85",630.85
11/28/2016,-,-,-,94.77,5.7,6,0,-,14.1,-,-,35.26,66.24,-,17.24,90.24,34.15,41.25,-,-,233.43,545.57,17,10.92,56.11,65.27,32,-,-,-,108.63,-,-,21.98,40.7,33.75,9,-,-,1.27,,57.92,,28.69,22,-,-,7.81,-,-,-,-,"1,697.00",918
11/29/2016,-,-,-,90.37,6.6,14,0,-,11.67,-,-,40.1,64.87,-,27.37,83.64,31.24,44,-,-,231.5,546.51,18,11.24,58.39,66.67,31.86,-,-,-,112.93,-,-,20.6,40.57,36,10,-,-,2.99,,60.27,,30.67,24,-,-,6.87,-,-,-,-,"1,722.93",944.92
11/30/2016,-,-,-,93.74,6.4,5,0," 	125.00 ",15.04,-," 	1,870.00 ",34.64,70.97,-,31.65,85.35,43.88,43.45,-,-,232.61,552.39,17,6.67,55.65,69.01,27.04,719,200,-,118.35,-,-,20.27,42.94,35.55,12,-,-,3.23,,57.45,,20.53,21,-,-,7.84,-,-,-,-,"4,643.65","1,069.65"
12/1/2016,-,-,-,99.89,6.4,5,0,-,13.5,-,-,32.04,60.85,-,31.45,83.49,30.07,41.8,-,-,234.37,536.63,17,9.29,59.29,63.3,30.18,-,-,-,120.8,-,-,19.03,31.29,34.2,12,-,-,2.03,,61.21,,29.76,23,-,-,6.4,-,-,-,-,"1,694.27",923.27
12/2/2016,-,-,-,85.03,5.7,10,0,-,13.82,-,-,30.91,56.62,-,14.85,82.64,30.47,47.85,-,-,219.09,542.91,13,10.05,53.62,55.73,22.46,-,-,-,124.71,-,-,17.02,32.98,39.15,12,-,-,2.73,,55.35,,27.44,17,-,-,4.79,-,-,-,-,"1,627.92",865.92
12/3/2016,-,-,-,56.77,2.3,1,0,-,5.4,-,-,36.26,46.67,-,10.84,66.73,23.58,39.05,-,-,165.03,469.97,24,11.24,52.79,47.24,11.27,-,-,-,109.67,-,-,2.56,15.48,31.95,13,-,-,0.62,,54.49,,19.67,6,-,-,2.57,-,-,-,-,"1,326.15",691.15
12/4/2016,-,-,-,61.38,3.8,1,0,-,5.87,-,-,34.46,46.84,-,5.09,56.09,25.03,42.35,-,-,158.57,470.43,37,9.19,53.34,33.68,17.48,-,-,-,62.19,-,-,2.85,7.13,34.65,17,-,-,2.25,,55.06,,20.52,5,-,-,2.62,-,-,-,-,"1,270.87",641.87
12/5/2016,-,-,-,107.63,8.1,6,0,-,14.34,-,-,33.07,55.56,-,26.64,80.28,33.87,42.9,-,-,240.11,555.89,40,8.12,57.48,65.97,28.52,-,-,-,105.63,-,-,21.49,36.69,35.1,14,-,-,2.97,,59.33,,28.35,24,-,-,8.23,-,-,-,-,"1,740.27",944.27
12/6/2016,-,-,-,96.32,9.5,6,0,-,11.74,-,-,32.59,66.02,-,12.02,88.4,29.33,45.1,-,-,252.32,553.68,16,9.19,57.9,60.94,29.5,-,-,-,106.78,-,-,3.97,37.4,36.9,15,-,-,2.02,,59.77,,31.56,24,-,-,7.6,-,-,-,-,"1,701.55",895.55
12/7/2016,-,-,-,94.68,11.5,5,0,-,15.86,-,-,35.41,53.94,-,21.14,84.34,38.63,43.45,-,-,246.18,558.82,17,7.74,57.23,60.53,32.56,-,-,-,111.05,-,-,0,36.07,35.55,15,-,-,2.32,,59.07,,24.83,19,-,-,8.38,-,-,-,-,"1,695.28",890.28
12/8/2016,-,-,-,96.85,9.5,5,0,-,11.88,-,-,33.34,59.18,-,38.1,83.37,47.42,46.2,-,-,241.76,555.24,16,8.31,56.91,62.72,27.54,-,-,-,118.89,-,-,0,31.52,37.8,15,-,-,4.25,,58.74,,22.95,20,-,-,7.08,-,-,-,-,"1,715.55",918.55
12/9/2016,-,-,-,81.68,9.9,6,0,-,18.76,-,-,31.01,49.02,-,38.79,73.4,35.58,41.25,-,-,221.04,543.96,13,9.42,54.85,53.48,19.62,-,-,-,115.9,-,-,0,35.04,33.75,12,-,-,2.24,,56.62,,19.7,14,-,-,6.06,-,-,-,-,"1,596.07",831.07
12/10/2016,-,-,-,60.84,6.7,1,1.23,-,13.71,-,-,32.21,49.09,-,6.12,70.74,25.08,39.05,-,-,172.11,477.89,4,10.47,54.47,40.44,14.12,-,-,-,66.71,-,-,0,8.8,31.95,11,-,-,2.06,,56.22,,4.54,6,-,-,4.6,-,-,-,-,"1,271.15",621.15
12/11/2016,-,-,-,58.22,7.1,1,3.75,-,8.53,-,-,40.47,41.07,-,5.84,77.18,25.12,40.7,-,-,161.78,480.22,4,15.5,56.17,42.58,7.91,-,-,-,55.05,-,-,0,7.16,33.3,18,-,-,5,,57.98,,3.18,3,-,-,5.72,-,-,-,-,"1,265.53",623.53
12/12/2016,-,-,-,97.05,9.1,5,1.65,-,7.87,-,-,32.08,50.13,-,18.86,88.31,31.56,37.95,-,-,244.97,554.03,12,8.36,57.64,63.79,27.16,-,-,-,90.11,-,-,0,33.02,31.05,11,-,-,2.23,,59.5,,21.61,13,-,-,8.42,-,-,-,-,"1,617.45",818.45
12/13/2016,-,-,-,92.24,9,5,0.15,-,10.78,-,-,29.79,53.06,-,23.9,90.13,28.14,39.6,-,-,259.92,553.08,11,7.87,57.86,58.31,24.56,-,-,-,111.35,-,-,10.44,42.64,32.4,16,-,-,4.81,,59.72,,22.7,14,-,-,7.92,-,-,-,-,"1,676.37",863.37
12/14/2016,-,-,-,89.42,8.6,4,5.17,-,6.95,-,-,28.45,56.92,-,29.42,75.29,31.09,40.15,-,-,232.61,550.39,10,7.65,57,55.05,23.33,-,-,-,92.69,-,-,11.58,35.85,32.85,16,-,-,5.03,,58.84,,23.38,12,-,-,7.52,-,-,-,-,"1,607.23",824.23
12/15/2016,-,-,-,97.84,10,4,0,-,5.31,-,-,28.54,50.38,-,53.77,66.27,26.9,45.1,-,-,239.65,551.35,11,8.56,59.1,53.16,23.27,-,-,-,92.89,-,-,11.36,29.96,36.9,18,-,-,7.34,,61.01,,22.26,13,-,-,6.61,-,-,-,-,"1,633.53",842.53
12/16/2016,-,-,-,75.49,11.3,4,1.02,-,5.11,-,-,27.13,43.04,-,25.56,66.01,26.52,41.25,-,-,229.68,544.32,10,7.08,54.3,54.56,20.77,-,-,-,90.1,-,-,11.32,26,33.75,19,-,-,1.99,,56.05,,20.95,13,-,-,5.74,-,-,-,-,"1,525.04",751.04
12/17/2016,-,-,-,-52.05,7.5,1,6.72,-,6.22,-,-,25.82,38.56,-,74.03,63.77,17.21,43.45,-,-,170.77,478.23,4,6.63,56.43,37.34,10.08,-,-,-,89.48,-,-,4.58,12.59,35.55,21,-,-,1.23,,58.25,,14.5,5,-,-,3.88,-,-,-,-,"1,241.77",592.77
12/18/2016,-,-,-,-53.49,6.1,1,1.23,-,2.71,-,-,26.12,44.13,-,95.94,61.08,14.51,44.55,-,-,163.58,471.42,3,4.89,50.69,25.76,5.83,-,-,-,75.52,-,-,4.25,4.04,36.45,18,-,-,3.24,,52.32,,3.01,3,-,-,3.84,-,-,-,-,"1,172.72",537.72
12/19/2016,-,-,-,49.64,7.3,5,0.26,-,6.34,-,-,21.95,65.87,-,75.93,73.4,27.41,36.3,-,-,235.49,543.51,10,5.09,51.56,53.07,26.06,-,-,-,89.71,-,-,12.35,28.4,29.7,10,-,-,0.8,,53.22,,12.48,10,-,-,6.99,-,-,-,-,"1,547.83",768.83
12/20/2016,-,-,-,117.16,7,6,0.05,-,4.7,-,-,23.35,54.73,-,72.73,57.52,21.82,37.95,-,-,221.57,550.43,9,3.85,50.09,58.47,19.87,-,-,-,78.59,-,-,10.72,23.68,31.05,15,-,-,4.22,,51.71,,17.86,11,-,-,5.62,-,-,-,-,"1,565.74",793.74
12/21/2016,-,-,-,115.18,6.3,5,0.15,-,4.84,-,-,19.89,43.35,-,100.04,41.2,21.08,36.85,-,-,238.31,540.69,10,4.39,46.96,41.53,20.98,-,-,-,80.21,-,-,9.68,22.44,30.15,9,-,-,0.85,,48.47,,22.03,9,-,-,3.91,-,-,-,-,"1,532.48",753.48
12/22/2016,-,-,-,108.05,5.6,5,0.01,-,3.42,-,-,18.91,36.66,-,115.47,29.53,24.21,28.6,-,-,236.79,533.21,8,3.89,41.1,47.51,14.63,-,-,-,70.34,-,-,7.78,16.84,23.4,9,-,-,0.58,,42.43,,21.53,7,-,-,1.56,-,-,-,-,"1,461.05",691.05
12/23/2016,-,-,-,88.64,3.6,2,0.05,-,1.1,-,-,19.43,34.97,-,78.56,17.01,14.11,20.35,-,-,211.5,501.5,2,2.8,28.51,29.93,6.75,-,-,-,47.09,-,-,3.42,3.71,16.65,7,-,-,1.09,,29.43,,12.83,2,-,-,0.14,-,-,-,-,"1,186.17",473.17
12/24/2016,-,-,-,70.2,6.1,0,0.14,-,0.03,-,-,16.83,24.9,-,53.08,11.05,15.03,15.95,-,-,168.68,470.32,0,0.67,20.04,4.47,0.33,-,-,-,36.91,-,-,0.19,0.4,13.05,2,-,-,1.41,,20.68,,0.39,0,-,-,0,-,-,-,-,952.85,313.85
12/25/2016,-,-,-,66.21,6.5,0,0.82,-,0,-,-,12.35,23.45,-,54.3,11.43,15.1,12.65,-,-,174.04,469.96,0,0.67,16.18,5.02,0.18,-,-,-,37.29,-,-,0.44,0.43,10.35,0,-,-,1.86,,16.7,,1.33,0,-,-,0,-,-,-,-,937.26,293.26
12/26/2016,-,-,-,69.52,6.1,1,0.18,-,0.08,-,-,12.92,21.95,-,46.49,10.31,16.08,11.55,-,-,168.22,472.78,1,0.67,16.88,4.93,0.31,-,-,-,35.73,-,-,0.42,0.41,9.45,4,-,-,1.72,,17.43,,1.7,0,-,-,0,-,-,-,-,931.83,290.83
12/27/2016,-,-,-,98.27,5.1,0,0.02,-,0.1,-,-,14.2,22.8,-,46.92,10.2,18.54,13.75,-,-,167.98,471.02,0,0.67,18.2,25.48,5.12,-,-,-,35.28,-,-,0.64,0.6,11.25,8,-,-,1.3,,18.79,,2.21,0,-,-,0,-,-,-,-,996.44,357.44
12/28/2016,-,-,-,71.14,4,1,0.04,-,0.34,-,-,13.16,17.19,-,45.32,13.44,19.75,12.65,-,-,180.22,497.78,1,0.67,21.63,19.91,7.87,-,-,-,35.01,-,-,0.59,0.75,10.35,10,-,-,1.34,,22.32,,2.28,1,-,-,0,-,-,-,-,"1,010.75",332.75
12/29/2016,-,-,-,72.18,4.4,0,0.03,-,0.15,-,-,12.82,28.33,-,48.12,14.08,19.56,17.05,-,-,175.88,477.13,1,0.67,17.54,20.43,5.64,-,-,-,35.65,-,-,0.86,0.46,13.95,8,-,-,1.22,,18.11,,2.19,0,-,-,0,-,-,-,-,995.45,342.44
12/30/2016,-,-,-,66.99,4.1,1,0.18,-,0.19,-,-,14.6,30.25,-,48.26,12.48,16.98,17.05,-,-,176.96,487.04,1,0.67,18.95,27.57,4.61,-,-,-,35.22,-,-,1.16,0.47,13.95,9,-,-,1.45,,19.56,,3.6,1,-,-,0,-,-,-,-,"1,014.29",350.29
12/31/2016,-,-,-,67.4,3.9,0,0.64," 	119.00 ",0.14,-," 	1,010.00 ",14.64,25.44,-,49.17,10,16.24,19.25,-,-,164.84,465.16,0,0.67,30.52,4.68,0.63,627,176,-,35.11,-,-,0.52,0.53,15.75,5,-,-,1.47,,31.5,,1.09,0,-,-,0,-,-,-,-,"2,896.29",453.29
1/1/2017,-,-,-,71.37,3.8,1,0.05,-,0.11,-,-,16.07,27.59,-,49.16,12.66,15.04,14.85,-,-,164.71,470.29,0,2.77,18.92,5.53,0.35,-,-,-,37.59,-,-,0.54,0.48,12.15,3,-,-,2.02,,19.53,,1.38,0,-,-,0,-,-,-,-,950.96,315.96
1/2/2017,-,-,-,109.83,6,2,0.11,-,6.45,-,-,19.19,30.92,-,37.08,29.22,15.81,13.75,-,-,199.81,524.19,7,4.62,20.57,41.13,11.84,-,-,-,54.87,-,-,4.96,57.8,11.25,9,-,-,1.97,,21.24,,6.66,15,-,-,0.46,-,-,-,-,"1,262.73",538.73
1/3/2017,-,-,-,113.4,7.3,4,0,-,6.56,-,-,19.6,27.16,-,1.28,45.94,20.47,15.95,-,-,240.37,538.63,5,7.58,21.48,46.07,17.12,-,-,-,68.79,-,-,6.97,103.42,13.05,12,-,-,1.48,,22.18,,10.94,16,-,-,4.44,-,-,-,-,"1,397.18",618.18
1/4/2017,-,-,-,111.12,7.4,4,0,-,7.44,-,-,20.91,29.97,-,13.7,38.06,22.74,18.7,-,-,244.31,550.69,5,10.3,23.52,42.41,20.59,-,-,-,69.3,-,-,7.35,17.14,15.3,12,-,-,1.05,,24.28,,19.1,18,-,-,0,-,-,-,-,"1,354.38",559.38
1/5/2017,-,-,-,119.24,5.3,5,0,-,6.15,-,-,23.55,31.86,-,23.17,38.65,23.03,22.55,-,-,242.1,548.9,4,11.26,28.25,43.01,22.3,-,-,-,73.49,-,-,6.25,18.75,18.45,15,-,-,1.34,,29.16,,15.61,17,-,-,0,-,-,-,-,"1,393.37",602.37
1/6/2017,-,-,-,97.88,4.9,3,0,-,6.41,-,-,22.49,33.95,-,31.23,45.65,22.56,22.83,-,-,249.67,550.33,4,11.23,31.57,38.57,17.16,-,-,-,76,-,-,6.15,25.81,18.45,13,-,-,1.35,,32.59,,18.76,17,-,-,0,-,-,-,-,"1,402.54",602.54
1/7/2017,-,-,-,74.1,3.4,1,0,-,1.07,-,-,32.17,26.07,-,11.02,45.55,18.42,23.1,-,-,189.31,486.69,1,10.05,34.27,26.46,17.84,-,-,-,54.72,-,-,1.19,6.28,18.9,11,-,-,1.33,,35.37,,16.2,5,-,-,0,-,-,-,-,"1,151.51",475.51
1/8/2017,-,-,-,76.5,3.5,0,0.15,-,0.82,-,-,41.51,31.81,-,9.48,61.42,19.75,32.45,-,-,163.65,484.35,1,11.44,52.49,28.42,16.85,-,-,-,70.16,-,-,1.08,4.31,26.55,13,-,-,0.87,,54.19,,15.83,4,-,-,0,-,-,-,-,"1,225.58",577.58
1/9/2017,-,-,-,133.99,6.1,6,0.01,-,12.79,-,-,29.48,42.54,-,12.81,85.95,32.63,38.5,-,-,254.29,568.71,9,9.89,63.73,66.01,35.31,-,-,-,103.81,-,-,16.8,42.47,31.5,14,-,-,2.38,,65.78,,24.23,19,-,-,0,-,-,-,-,"1,727.71",904.71
1/10/2017,-,-,-,136.21,6.2,4,0,-,11.29,-,-,28.66,42.71,-,29.59,85.38,34.8,41.8,-,-,264.25,570.75,11,9.64,66.84,68.17,29.54,-,-,-,100.98,-,-,46.98,39.35,34.2,15,-,-,1.42,,68.99,,20.92,22,-,-,0,-,-,-,-,"1,790.67",955.67
1/11/2017,-,-,-,136.73,6.4,6,0,-,13.67,-,-,28.92,50.75,-,18.11,91.3,30.17,40.7,-,-,242.24,573.76,12,8,71.98,68.62,33.05,-,-,-,114.12,-,-,17.43,45.18,33.3,13,-,-,1.59,,74.3,,24.04,21,-,-,0,-,-,-,-,"1,776.36",960.36
1/12/2017,-,-,-,122.1,6.5,8,0,-,12.01,-,-,30.93,44.06,-,20.18,95.19,34.09,48.4,-,-,213.99,561.01,12,5.83,66.79,61.74,44.46,-,-,-,141.12,-,-,16.56,45.62,39.6,19,-,-,2.82,,68.95,,26.73,21,-,-,0,-,-,-,-,"1,768.68",993.68
1/13/2017,-,-,-,114.45,5.8,6,0,-,9.61,-,-,31.8,41.22,-,15.92,85.29,32.35,31.9,-,-,245.74,550.26,9,6,62.23,67.33,31.73,-,-,-,113.23,-,-,15.79,44.27,26.1,12,-,-,1.02,,64.24,,24.71,14,-,-,0,-,-,-,-,"1,661.99",865.99
1/14/2017,-,-,-,74.9,2.8,0,0,-,2.77,-,-,29.63,36.4,-,12.76,65.91,21.94,32.45,-,-,249.18,471.82,2,7.56,59.14,49.24,16.3,-,-,-,61.85,-,-,1.92,9.31,26.55,15,-,-,1.73,,61.05,,17.01,6,-,-,0,-,-,-,-,"1,335.22",614.22
1/15/2017,-,-,-,73.21,3.7,1,0.02,-,3.47,-,-,33.67,41.48,-,0.38,66.68,24.63,32.45,-,-,253.55,470.45,3,6.72,63.88,33.94,11.63,-,-,-,52.28,-,-,1.69,6.11,26.55,16,-,-,3.46,,65.94,,14.77,1,-,-,0,-,-,-,-,"1,311.66",587.66
1/16/2017,-,-,-,135.97,6.5,5,2.1,-,14.64,-,-,36.31,49.97,-,24.29,109.37,37.25,31.9,-,-,360.43,551.57,3,6.38,126.75,78.92,43.46,-,-,-,102.77,-,-,21.41,47.95,26.1,12,-,-,4.21,,130.84,,23.55,22,-,-,0,-,-,-,-,"2,014.64","1,102.64"
1/17/2017,-,-,-,153.83,6.1,9,0,-,13.07,-,-,31.73,53.27,-,34.24,93.07,32.09,34.1,-,-,329.63,553.37,5,5.13,72.12,73.47,31.8,-,-,-,102.65,-,-,19.4,38.54,27.9,14,-,-,4.95,,74.45,,22.08,22,-,-,0,-,-,-,-,"1,856.99",973.99
1/18/2017,-,-,-,141.15,6.4,15,0.08,-,15.78,-,-,33.81,51.5,-,55.24,99.13,31.2,41.8,-,-,329.43,570.57,8,5.73,71.28,72.85,35.75,-,-,-,113.1,-,-,21.67,39.04,34.2,14,-,-,7.42,,73.58,,30.24,23,-,-,0,-,-,-,-,"1,940.95","1,040.95"
1/19/2017,-,-,-,168.61,6.9,5,0.08,-,12.4,-,-,30.06,56.15,-,55.3,88.87,35.21,33.55,-,-,341.96,559.04,8,8.08,68.04,70.93,34.1,-,-,-,129.59,-,-,19.68,37.67,27.45,16,-,-,6.22,,70.24,,29.85,21,-,-,0,-,-,-,-,"1,939.98","1,038.98"
1/20/2017,-,-,-,126.42,6.3,5,0,-,11.37,-,-,36.92,52.66,-,23.35,93.05,47.44,33,-,-,313.85,548.15,9,14.99,59.2,65.65,33.45,-,-,-,114.1,-,-,17.97,35.51,27,15,-,-,5.22,,61.11,,31.65,20,-,-,0,-,-,-,-,"1,807.36",945.36
1/21/2017,-,-,-,73.59,3.1,1,0,-,2.12,-,-,34.14,39.97,-,0.04,79.64,37.14,33,-,-,252.78,471.22,7,9.81,58.11,45.66,22.06,-,-,-,59.08,-,-,1.67,8.95,27,14,-,-,68.27,,59.98,,22.64,5,-,-,0,-,-,-,-,"1,436.97",712.97
1/22/2017,-,-,-,73.72,3,1,0,-,1.66,-,-,35.52,36.8,-,4.99,68.68,34.51,33.55,-,-,253.04,469.96,4,8.55,62.4,27.32,10.98,-,-,-,50.01,-,-,1.95,5.54,27.45,11,-,-,129.91,,64.41,,20,1,-,-,0,-,-,-,-,"1,440.95",717.95
1/23/2017,-,-,-,143.52,6.8,6,0,-,15.54,-,-,32.62,47.34,-,16.63,97.4,39.55,35.2,-,-,330.16,550.84,13,6.77,62.31,76.84,37.3,-,-,-,110.27,-,-,22.38,38.19,28.8,14,-,-,45.83,,64.33,,32.05,21,-,-,0,-,-,-,-,"1,894.67","1,013.67"
1/24/2017,-,-,-,163.03,6.7,6,0,-,14.39,-,-,29.44,50.46,-,18.54,102.67,30.39,35.2,-,-,318.19,582.81,17,12.22,62.81,68.61,38.34,-,-,-,115.55,-,-,18.45,49.21,28.8,20,-,-,1.06,,64.84,,28.61,23,-,-,0,-,-,-,-,"1,906.32","1,005.32"
1/25/2017,-,-,-,146.18,6.4,6,0.02,-,15.61,-,-,29.75,55.85,-,16.61,104.5,31.58,35.2,-,-,306.59,568.41,12,9.38,63.79,68.48,35,-,-,-,121.44,-,-,22.65,40.34,28.8,14,-,-,1.19,,65.85,,31.26,24,-,-,0,-,-,-,-,"1,860.88",985.88
1/26/2017,-,-,-,126.84,6.3,10,0.05,-,13.09,-,-,30.73,55.22,-,20.91,103.37,30.63,36.3,-,-,323.74,565.26,14,10.02,63.27,72.43,34.13,-,-,-,121.63,-,-,19.97,41.89,29.7,15,-,-,1.62,,65.31,,30.48,23,-,-,0,-,-,-,-,"1,864.89",975.89
1/27/2017,-,-,-,108.32,7,5,0,-,11.14,-,-,31.69,54.04,-,17.59,84.07,32.28,31.9,-,-,319.15,557.85,9,6.19,59.25,63.35,29.42,-,-,-,118.43,-,-,18.63,44.15,26.1,14,-,-,4.06,,61.16,,32.03,17,-,-,0,-,-,-,-,"1,762.80",885.8
1/28/2017,-,-,-,69.45,3.4,1,0,-,2.21,-,-,34.59,40.37,-,1.28,69.95,27.12,31.35,-,-,250.38,476.62,1,3.44,53.6,44.42,14.58,-,-,-,64.07,-,-,7.68,6.36,25.65,14,-,-,9.92,,55.33,,18.04,5,-,-,0,-,-,-,-,"1,330.81",603.81
1/29/2017,-,-,-,74.34,3.2,0,0,-,1.69,-,-,34.97,41.64,-,0.68,70.15,27.6,32.45,-,-,257.27,479.73,1,4.22,57.09,28.18,18.09,-,-,-,54.01,-,-,2.07,4.37,26.55,13,-,-,10.62,,58.93,,18.04,3,-,-,0,-,-,-,-,"1,322.89",585.89
1/30/2017,-,-,-,143.91,7.1,7,0,-,15.64,-,-,35.66,53.58,-,39.7,88.67,40.17,34.1,-,-,322.22,567.78,12,5.22,60.57,68.15,29.11,-,-,-,103.21,-,-,23.09,38.83,27.9,14,-,-,5.09,,62.52,,21.61,21,-,-,0,-,-,-,-,"1,847.83",957.83
1/31/2017,-,-,-,183.04,6.5,18,0," 	107.00 ",13.25,-," 	1,300.00 ",32.27,59.83,-,20.76,96.31,53.01,33.55,-,-,315.39,572.61,17,7.28,61.29,72.77,37.19,642,175,-,109.12,-,-,20.95,37.33,27.45,18,-,-,1.1,,63.27,,9.83,23,-,-,0,-,-,-,-,"4,134.10","1,129.10"
2/1/2017,-,-,-,155.21,6.1,12,0,-,17.24,-,-,30.17,50.3,-,15.71,99.58,54.31,34.1,-,-,322.76,574.24,12,9.14,63.99,71.64,31.87,-,-,-,115.21,-,-,23.3,55.92,27.9,13,-,-,5.17,,66.05,,15.73,23,-,-,0,-,-,-,-,"1,905.64","1,008.64"
2/2/2017,-,-,-,137.89,5.7,15,0.02,-,16.78,-,-,31.39,53.93,-,10.61,99.32,57.19,36.3,-,-,324.74,570.26,18,11.98,58.5,65.2,33.01,-,-,-,111.93,-,-,19.72,48.18,29.7,17,-,-,2.16,,60.38,,22.23,22,-,-,0,-,-,-,-,"1,879.12",984.12
2/3/2017,-,-,-,108.04,6.4,9,0,-,11.13,-,-,31.87,49.86,-,13.96,95.33,51.11,33,-,-,338.12,577.88,9,13.03,57.25,61.66,27.8,-,-,-,105.51,-,-,18.99,104.31,27,13,-,-,5.2,,59.1,,28,16,-,-,0,-,-,-,-,"1,871.55",955.55
2/4/2017,-,-,-,71.62,2.2,1,0,-,1.94,-,-,35.42,39.7,-,0.55,77.9,36.93,30.8,-,-,260.99,488.01,2,13.81,56.22,43.84,17.08,-,-,-,74.91,-,-,2.62,7.22,25.2,12,-,-,2.61,,58.04,,21.72,8,-,-,0,-,-,-,-,"1,392.33",643.33
2/5/2017,-,-,-,74.55,2.8,31,0,-,1.39,-,-,33.33,37.99,-,0,77.46,34.59,33,-,-,255.71,488.29,2,10.88,57.69,31.48,12.73,-,-,-,50.57,-,-,2.6,3.82,27,9,-,-,9.63,,59.55,,20.81,2,-,-,0,-,-,-,-,"1,369.87",625.87
2/6/2017,-,-,-,133.62,6.5,14,1.02,-,14.85,-,-,29.68,46.16,-,13.75,103.32,48.47,33.55,-,-,336.99,565.01,13,9.99,61.47,68.51,29.81,-,-,-,104.2,-,-,21.6,49.79,27.45,16,-,-,1.81,,63.46,,32.09,20,-,-,0,-,-,-,-,"1,866.10",964.1
2/7/2017,-,-,-,135.2,5.2,16,0.01,-,13.08,-,-,30.25,48.18,-,18.96,105.73,50.7,35.2,-,-,319.76,574.24,12,9.6,62.05,66.08,32.2,-,-,-,97.75,-,-,19.66,49.1,28.8,23,-,-,5.28,,64.05,,31.99,21,-,-,0,-,-,-,-,"1,875.07",981.07
2/8/2017,-,-,-,144.4,6.2,21,0.01,-,14.84,-,-,32.47,50.95,-,14.35,105.44,43.24,32.45,-,-,317.08,563.92,6,9.88,61.27,69.34,32.36,-,-,-,119.27,-,-,25.41,40.14,26.55,14,-,-,3.66,,63.25,,32.93,22,-,-,0,-,-,-,-,"1,872.41",991.41
2/9/2017,-,-,-,135.45,5.4,12,0,-,12.79,-,-,30.12,49.58,-,12.2,102.96,39.8,36.85,-,-,313.04,576.96,9,9.66,61.95,60.51,20.58,-,-,-,103.98,-,-,21.74,50.97,30.15,16,-,-,2.91,,63.95,,32.36,22,-,-,0,-,-,-,-,"1,832.91",942.91
2/10/2017,-,-,-,111.8,5.9,6,0,-,15.03,-,-,32.59,45.69,-,10.44,101.05,44.45,34.1,-,-,310.83,571.17,6,9.59,58.98,59.42,30.89,-,-,-,106.2,-,-,20.43,57.48,27.9,16,-,-,3.18,,60.89,,15.9,19,-,-,0,-,-,-,-,"1,780.91",898.91
2/11/2017,-,-,-,71.98,2.2,1,0,-,2.45,-,-,32.9,47.22,-,4.82,87.79,26.55,33,-,-,248.31,483.69,2,14.22,59.29,39.71,20.73,-,-,-,83.09,-,-,3.01,35.4,27,12,-,-,2.21,,61.2,,13.89,10,-,-,0,-,-,-,-,"1,425.66",693.66
2/12/2017,-,-,-,74.13,2.5,1,0,-,1.42,-,-,34.72,48.25,-,1.05,90.96,23.99,35.2,-,-,255.85,477.15,1,11.11,60.84,29.03,21.2,-,-,-,55.86,-,-,3.99,115.98,28.8,12,-,-,0.7,,62.8,,6,1,-,-,0,-,-,-,-,"1,456.53",723.53
2/13/2017,-,-,-,143.42,5.5,9,0,-,14.55,-,-,31.66,64.83,-,12.15,105.99,39.88,32.45,-,-,333.15,551.85,5,8.39,64.1,66.19,32.9,-,-,-,122.21,-,-,24.42,54.18,26.55,15,-,-,1.98,,66.16,,23.28,23,-,-,0,-,-,-,-,"1,877.79",992.79
2/14/2017,-,-,-,183.69,5.9,9,0,-,13.31,-,-,35.88,59.87,-,61.31,100.81,43.03,34.1,-,-,329.25,558.75,9,9.01,63.78,61.32,29.46,-,-,-,96.08,-,-,21.7,46.78,27.9,13,-,-,1.83,,65.84,,15.56,21,-,-,0,-,-,-,-,"1,917.16","1,029.16"
2/15/2017,-,-,-,194.51,7.2,10,0,-,14.96,-,-,30.53,59.33,-,122.58,86.54,36.9,40.15,-,-,323.69,574.31,2,8.5,63.15,65.95,33.31,-,-,-,100.41,-,-,23.54,47.19,32.85,15,-,-,1.27,,65.19,,27.97,23,-,-,0,-,-,-,-,"2,010.03","1,112.03"
2/16/2017,-,-,-,126.36,6,17,0,-,12.4,-,-,29.94,62.42,-,118.17,93.34,37.5,30.8,-,-,314.96,579.04,4,9.88,64.7,66.13,29.02,-,-,-,114.28,-,-,50,53.76,25.2,19,-,-,0.71,,66.79,,29.39,20,-,-,0,-,-,-,-,"1,980.79","1,086.79"
2/17/2017,-,-,-,122.6,5.7,8,0,-,11.61,-,-,29.59,60.95,-,111.88,74.94,44.23,30.25,-,-,222.35,560.65,2,15.97,58.63,59.55,27.31,-,-,-,105.06,-,-,20.16,40.31,24.75,21,-,-,1.9,,60.52,,31.34,16,-,-,0,-,-,-,-,"1,767.25",984.25
2/18/2017,-,-,-,86.17,2.3,1,0.02,-,2.01,-,-,29.29,39.16,-,104.18,51.95,23.57,25.3,-,-,104.34,490.66,0,16.25,43.25,36.07,13.16,-,-,-,91.8,-,-,12.6,5.65,20.7,15,-,-,1.04,,44.65,,16.15,5,-,-,0,-,-,-,-,"1,281.27",686.27
2/19/2017,-,-,-,84.19,3,1,0,-,1.86,-,-,29.18,38.58,-,109.19,37.94,24.14,20.9,-,-,106.43,490.57,2,14.21,35.82,28.4,6.09,-,-,-,83.72,-,-,0.87,3.09,17.1,11,-,-,0.34,,36.98,,14.08,1,-,-,0,-,-,-,-,"1,201.68",604.68
2/20/2017,-,-,-,86.81,2.7,2,0.14,-,0.7,-,-,29.15,46.67,-,35.23,50.29,19.55,21.45,-,-,108.18,492.82,1,11.35,34.82,30.23,7.16,-,-,-,125.47,-,-,1.74,2.58,17.55,4,-,-,0.38,,35.94,,15.03,1,-,-,0,-,-,-,-,"1,183.94",582.94
2/21/2017,-,-,-,133.94,6.1,14,0,-,5.7,-,-,28.15,60.36,-,10.58,66.42,32.19,22.55,-,-,228,572,5,14.78,34.16,53.1,24.62,-,-,-,69.83,-,-,10.4,22.71,18.45,10,-,-,0.67,,35.27,,20.89,10,-,-,0,-,-,-,-,"1,509.87",709.87
2/22/2017,-,-,-,159.92,5.8,8,0,-,6.23,-,-,28.91,56.62,-,1.38,61.21,30,21.45,-,-,210.3,584.7,6,15.51,35.08,50.01,22.69,-,-,-,89.75,-,-,12.52,27.13,17.55,10,-,-,12.81,,36.21,,19.79,9,-,-,0,-,-,-,-,"1,538.57",743.57
2/23/2017,-,-,-,153.14,5.5,10,0.01,-,6.05,-,-,27.88,59.38,-,9.4,61.52,22.03,33,-,-,219.84,591.16,6,19.33,34.16,50.84,22.36,-,-,-,70.24,-,-,8.45,19.24,27,7,-,-,4.18,,35.27,,25.99,10,-,-,0,-,-,-,-,"1,538.97",727.97
2/24/2017,-,-,-,108.22,3.6,5,0,-,5.74,-,-,26.38,57.9,-,4.37,65.48,21.12,24.75,-,-,193.98,574.02,3,24.73,36.33,49.65,23.6,-,-,-,80.87,-,-,8.12,22.01,20.25,9,-,-,10.11,,37.5,,17.58,11,-,-,0,-,-,-,-,"1,444.31",676.31
2/25/2017,-,-,-,82.22,2.2,1,0,-,3.3,-,-,27.19,48.06,-,1.26,60.6,19.6,24.2,-,-,136.01,493.99,4,23.52,37.57,35.33,18.84,-,-,-,58.79,-,-,2.19,12.79,19.8,15,-,-,3.21,,38.78,,1.27,6,-,-,0,-,-,-,-,"1,176.72",546.72
2/26/2017,-,-,-,77.17,2.2,2,0,-,1.35,-,-,32.52,47.12,-,0.06,67.48,19.35,30.8,-,-,134.42,486.58,3,20.74,49.83,29.51,9.55,-,-,-,62.45,-,-,3.34,6.69,25.2,14,-,-,7.05,,51.43,,0.78,2,-,-,0,-,-,-,-,"1,186.62",565.62
2/27/2017,-,-,-,142.56,6,14,0,-,15.13,-,-,29.15,50.49,-,20.1,90.74,30.74,33,-,-,215.28,579.72,11,14.72,60.69,62.79,34.86,-,-,-,93.63,-,-,23.9,43.2,27,8,-,-,4.53,,62.65,,17.06,22,-,-,21.3,-,-,-,-,"1,734.24",939.24
2/28/2017,-,-,-,155.88,6.7,11,0," 	118.00 ",12.85,-," 	1,980.00 ",27.94,52.08,-,18.39,95.68,33.22,31.35,-,-,218.97,585.03,8,5.68,60.9,63.48,33.11,481,185,-,91.22,-,-,22.08,38.31,25.65,14,-,-,7.33,,62.86,,21.04,22,-,-,33.2,-,-,-,-,"4,521.95","1,071.95"
3/1/2017,-,-,-,154.71,6.5,10,0,-,15.71,-,-,29.53,52.53,-,12.44,94.33,35.93,31.9,-,-,233.09,577.91,10,6.94,61.19,66.53,35.47,-,-,-,98.81,-,-,24.88,42.28,26.1,12,-,-,2.07,,63.16,,31.75,22,-,-,36.9,-,-,-,-,"1,794.66",983.66
3/2/2017,-,-,-,154.23,6.9,11,0,-,14.34,-,-,33.02,48.3,-,18.28,94.46,41.22,34.1,-,-,213.06,581.94,0,7.34,62.28,62.76,30.6,-,-,-,98.78,-,-,22.29,44.8,27.9,17,-,-,1.96,,64.28,,41.55,21,-,-,35,-,-,-,-,"1,788.39",993.39
3/3/2017,-,-,-,147.93,7.2,24,0,-,13.54,-,-,29.19,58.03,-,27.53,103.15,32.21,32.45,-,-,213.48,569.52,2,9.98,62.15,62.39,33.23,-,-,-,104.35,-,-,20.54,47.38,26.55,17,-,-,3.7,,64.15,,33.12,16,-,-,29.3,-,-,-,-,"1,790.07","1,007.07"
3/4/2017,-,-,-,108.12,2.9,2,0,-,3.45,-,-,30.19,50.86,-,0.08,82.6,13.89,31.9,-,-,138.86,491.14,2,13.12,55.43,49.45,18.7,-,-,-,75.23,-,-,4.18,15.58,26.1,18,-,-,2.18,,57.22,,15.07,6,-,-,14.9,-,-,-,-,"1,329.15",699.15
3/5/2017,-,-,-,102.55,3.4,3,0,-,7.56,-,-,34.01,48.55,-,2.34,78.18,12.99,32.45,-,-,132.1,486.9,2,10.21,58.75,29.9,12.03,-,-,-,52.02,-,-,3.28,8.3,26.55,15,-,-,5.08,,60.64,,12.46,3,-,-,15,-,-,-,-,"1,258.25",639.25
3/6/2017,-,-,-,158.11,7.9,8,0,-,13.96,-,-,29.64,53.31,-,8.07,96.7,32.53,36.85,-,-,225.26,574.74,7,8.74,60.46,69.06,33.91,-,-,-,97.29,-,-,25.27,46.42,30.15,11,-,-,3.44,,62.41,,26.87,19,-,-,34.7,-,-,-,-,"1,780.79",980.79
3/7/2017,-,-,-,203.76,8.3,7,0.01,-,13.5,-,-,28.84,55.28,-,25.38,110.4,31.22,33,-,-,260.86,573.14,8,9.24,60.34,65.32,32.97,-,-,-,97.76,-,-,22.13,40.17,27,14,-,-,2.88,,62.29,,29.07,21,-,-,38.9,-,-,-,-,"1,881.76","1,047.76"
3/8/2017,-,-,-,141.83,10.1,7,0,-,14.05,-,-,29.24,58.18,-,12.36,100.87,30.34,33,-,-,326.58,590.42,5,10.43,59.49,64.4,30.3,-,-,-,100.92,-,-,22.92,43.05,27,11,-,-,2.74,,61.41,,31.01,20,-,-,33.7,-,-,-,-,"1,877.34",960.34
3/9/2017,-,-,-,140.99,10.7,10,0,-,11.71,-,-,30.03,53.71,-,10.28,100.03,39.31,34.65,-,-,302.87,590.13,6,15.84,60.38,62.27,33.82,-,-,-,104.35,-,-,20.85,37.41,28.35,12,-,-,3.71,,62.33,,32.38,20,-,-,32.2,-,-,-,-,"1,866.30",973.3
3/10/2017,-,-,-,133.74,9.6,10,0,-,11.19,-,-,30.39,51.58,-,10.6,96.79,37.38,32.45,-,-,305.55,569.45,0,19.93,62.65,61.52,27.19,-,-,-,103.93,-,-,18.53,43.37,26.55,9,-,-,2.02,,64.67,,32.91,15,-,-,27.8,-,-,-,-,"1,813.79",938.79
3/11/2017,-,-,-,76.8,3.9,0,0,-,2.39,-,-,30.59,45.13,-,7.45,78.52,16.78,31.35,-,-,253.24,490.76,0,20.46,56.44,46.63,14.73,-,-,-,65.86,-,-,3.7,9.34,25.65,16,-,-,3.27,,58.26,,20.2,6,-,-,15.3,-,-,-,-,"1,398.75",654.75
3/12/2017,-,-,-,76.8,3.9,0,0,-,2.39,-,-,30.59,45.13,-,7.45,78.52,16.78,31.35,-,-,243.17,470.83,0,20.46,56.44,46.63,14.73,-,-,-,65.86,-,-,3.7,9.34,25.65,16,-,-,3.27,,58.26,,25.19,6,-,-,15.3,-,-,-,-,"1,373.74",659.74
3/13/2017,-,-,-,79.74,5.6,1,0,-,1.73,-,-,33.54,47.87,-,0.05,75.71,13.86,31.35,-,-,324.08,572.92,0,13.9,56.6,28.1,7.48,-,-,-,51.52,-,-,3.26,6.26,25.65,16,-,-,4.58,,58.43,,35.37,2,-,-,17.1,-,-,-,-,"1,513.70",616.7
3/14/2017,-,-,-,162.36,11.7,8,0,-,15.7,-,-,29.71,60.89,-,12.71,97.02,35.56,34.1,-,-,317.73,583.27,1,10.12,58.58,69.17,30.5,-,-,-,92.42,-,-,24.49,41.09,27.9,11,-,-,2.18,,60.47,,25.78,19,-,-,37.8,-,-,-,-,"1,880.25",979.25
3/15/2017,-,-,-,186.74,8.8,8,0,-,14.72,-,-,29.29,61.15,-,59.7,95.49,28.14,34.1,-,-,324.99,583.01,0,10.48,59.7,64.37,30.93,-,-,-,99.49,-,-,22.44,40.97,27.9,10,-,-,2.08,,61.63,,30.05,22,-,-,36.9,-,-,-,-,"1,953.07","1,045.07"
3/16/2017,-,-,-,187.88,9.2,8,0,-,14.76,-,-,29.07,58.37,-,122.63,83.35,32.45,33,-,-,316.36,567.64,0,14.27,61.14,63.64,34.65,-,-,-,116.83,-,-,23.81,42.37,27,22,-,-,1.77,,63.11,,30.6,21,-,-,38.8,-,-,-,-,"2,023.70","1,139.70"
3/17/2017,-,-,-,177.77,7.7,8,0,-,15.84,-,-,29.19,62.22,-,57.98,92.72,30.44,34.1,-,-,319.62,552.38,2,19.87,59.97,62.8,33.74,-,-,-,130.99,-,-,21.07,46.01,27.9,21,-,-,1.64,,61.9,,32.33,20,-,-,36.1,-,-,-,-,"1,965.28","1,093.28"
3/18/2017,-,-,-,184.56,7.3,7,0,-,11.77,-,-,29.24,61.32,-,57.16,101.53,31.03,33,-,-,249.5,476.5,1,26.87,63.11,60.16,39.68,-,-,-,136.9,-,-,20.33,51.83,27,25,-,-,1.87,,65.14,,22.15,16,-,-,30.9,-,-,-,-,"1,837.85","1,111.85"
3/19/2017,-,-,-,134.4,4.3,0,0,-,4.32,-,-,30.32,52.96,-,29.14,81.57,14.58,36.3,-,-,257.97,480.03,1,25.85,57.6,32.38,31.5,-,-,-,87.51,-,-,200.54,15.5,29.7,22,-,-,0.99,,59.46,,16.94,6,-,-,17.5,-,-,-,-,"1,730.36",992.36
3/20/2017,-,-,-,136.39,4.4,2,0,-,2.24,-,-,33.16,52.88,-,7.77,81.01,18.15,35.75,-,-,348.71,560.29,1,20.39,64.71,27.9,27.95,-,-,-,78.18,-,-,2.96,11.99,29.25,133,-,-,0.5,,66.8,,34.49,3,-,-,22.3,-,-,-,-,"1,807.17",898.17
3/21/2017,-,-,-,191.46,9.3,9,0,-,13.39,-,-,30.1,54.94,-,4.57,122.98,37.42,33.55,-,-,261.78,579.22,4,10.29,66.35,61.47,31.67,-,-,-,96.5,-,-,24.77,41.97,27.45,100,-,-,1.74,,68.49,,26.61,21,-,-,42.3,-,-,-,-,"1,972.32","1,131.32"
3/22/2017,-,-,-,191.21,9.6,13,0,-,12.79,-,-,34.4,56.66,-,53.75,112.17,41.08,35.2,-,-,250.52,577.48,1,6.32,66.46,64.9,32.92,-,-,-,94.3,-,-,21.76,39.3,28.8,127,-,-,2.06,,68.6,,36.19,21,-,-,38.5,-,-,-,-,"2,036.97","1,208.97"
3/23/2017,-,-,-,183.39,8.8,7,0,-,16.08,-,-,30.04,56.25,-,113.59,104.25,30.65,34.1,-,-,322.99,577.01,2,9.22,70.5,62.18,34.21,-,-,-,102.81,-,-,24.46,46.58,27.9,82,-,-,1.04,,72.77,,32.68,22,-,-,41.3,-,-,-,-,"2,115.80","1,215.80"
3/24/2017,-,-,-,183.77,10.3,11,0,-,13.14,-,-,30.5,58.08,-,118.1,90.95,25.58,32.45,-,-,315.25,547.75,1,9.09,59.22,60.23,30.98,-,-,-,104.72,-,-,18.8,43.07,26.55,9,-,-,2.9,,61.13,,28.07,21,-,-,39.3,-,-,-,-,"1,951.93","1,088.93"
3/25/2017,-,-,-,178.01,7.8,9,0,-,11.76,-,-,28.67,55.11,-,113.29,82.58,31.38,33,-,-,254.97,474.03,0,7.67,57.31,51.51,32.3,-,-,-,109.17,-,-,19.09,40.47,27,2,-,-,3.92,,59.16,,16.58,17,-,-,31.7,-,-,-,-,"1,754.48","1,025.48"
3/26/2017,-,-,-,138.25,3.6,1,0,-,2.33,-,-,31.33,49.36,-,104.39,56.03,17.79,34.65,-,-,219.23,307.77,1,5.81,56.56,41.97,7.59,-,-,-,71.77,-,-,3.39,8.4,28.35,3,-,-,0.63,,58.38,,16.08,7,-,-,19.7,-,-,-,-,"1,295.36",768.36
3/27/2017,-,-,-,138.44,4,1,0,-,2.05,-,-,32.63,50.37,-,103.1,52.25,13.36,35.2,-,-,322.24,543.76,1,8.09,56.28,25.71,5.71,-,-,-,56.96,-,-,3.62,7.16,28.8,5,-,-,0.5,,58.1,,27.55,4,-,-,22.4,-,-,-,-,"1,609.28",743.28
3/28/2017,-,-,-,203.01,7.2,9,0.01,-,15.43,-,-,32.77,59.98,-,113.96,94.92,33.98,34.1,-,-,326.5,557.5,2,9.29,57.67,58.49,33.39,-,-,-,93.42,-,-,25.1,41.51,27.9,4,-,-,3.2,,59.53,,28.88,20,-,-,42,-,-,-,-,"1,994.74","1,110.74"
3/29/2017,-,-,-,207.57,7.3,10,0,-,13.07,-,-,30.37,66.94,-,110.76,92.44,37.64,46.2,-,-,328.2,565.8,1,6.43,58.63,60.86,31.44,-,-,-,96.74,-,-,20.97,42.55,37.8,8,-,-,1.73,,60.52,,36.79,22,-,-,41.6,-,-,-,-,"2,043.35","1,149.35"
3/30/2017,-,-,-,195.07,9.2,9,0,-,15.56,-,-,33.17,60.49,-,113.44,102.55,25.65,34.1,-,-,329.65,552.35,0,11.19,61.2,59.52,30.71,-,-,-,107.13,-,-,25.17,41.78,27.9,10,-,-,3.51,,63.17,,34.98,24,-,-,42.2,-,-,-,-,"2,022.69","1,140.69"
3/31/2017,-,-,-,185.32,7.6,7,0," 	112.00 ",15.86,-," 	1,550.00 ",30.38,56.77,-,124.47,89.6,25.2,31.9,-,-,321.34,527.66,1,9.82,59.36,54.4,28.69,483,186,-,109.24,-,-,22.57,43.23,26.1,5,-,-,3.74,,61.27,,33.83,22,-,-,38.1,-,-,-,-,"4,272.45","1,204.45"
,,,,,,,,,,,,,,,,,,,,,,,,,,,,,,,,,,,,,,,,,,,,,,,,,,,,,,
Total,0,0,0,"39,211.39","1,728.20","2,688.00","3,313.67","2,040.00","2,970.74",0,"16,900.00","11,138.49","30,059.36",0,"9,150.13","23,931.77","12,559.13","12,544.13",0,0,"62,517.64","124,291.02","3,276.00","5,085.24","16,143.92","17,925.80","8,273.29","8,343.00","2,449.00",0,"36,362.52",0,0,"5,139.54","10,626.02","10,263.15","11,139.50",0,0,985.62,0,"16,664.56",0,"9,914.63","4,324.00",0,0,"1,925.01",0,0,0,0,"523,884.47","309,383.81"
