Path_ID,Path_Point_ID,Loct,Academic_Day,Building_ID,Building_Name,Lat,Lon,Distance_To_Next,Minutes_To_Next,Max_Temp_C,Mean_Temp_C,Total_Precip_mm,Snow_cm,Azimuth_Path,Azimuth_Segment,Speed
2184,1,0:00:00,WINTERTERM_2,Outdoors,Outdoors,51.07724,-114.1262,21.22201364,1.983333333,12.3,5.3,0,1,245.0084604,279.0437204,10.70017494
216,4,0:02:00,WINTERTERM_1,Outdoors,Outdoors,51.0752,-114.1382,0,0,-3.9,-12.4,0,7,0,0,0
2184,2,0:02:00,WINTERTERM_2,Outdoors,Outdoors,51.07727,-114.1265,133.5198125,17.91666667,12.3,5.3,0,1,245.0084604,276.2152315,7.452268606
473,6,0:03:00,SUMMER_TERM_2,Outdoors,Outdoors,51.07482,-114.1316,48.9176758,4.75,28.2,19.7,0,0,0,91.30250439,10.29845806
6275,6,0:03:00,FALL_TERM_1,CD,Cascade Hall,51.07604,-114.137,0,0,10.1,2.1,0,1,138.0903023,0,0
12622,10,0:03:00,FALLEXAMS,Outdoors,Outdoors,51.0751,-114.1333,0,0,-9.7,-15,0,4,0,0,0
18797,0,0:03:00,WEEKEND_WT_1,Outdoors,Outdoors,51.07502,-114.1373,28.91068093,0.816666667,1.6,-2.3,0,14,146.9773435,0,35.40083379
18797,1,0:04:00,WEEKEND_WT_1,YA,Yamnuska Hall,51.07528,-114.1373,57.13814216,1.083333333,1.6,-2.3,0,14,146.9773435,172.9767484,52.74290046
18797,2,0:05:00,WEEKEND_WT_1,Outdoors,Outdoors,51.07477,-114.1372,41.73109434,1,1.6,-2.3,0,14,146.9773435,350.3624424,41.73109434
217,0,0:06:00,WINTERTERM_1,Outdoors,Outdoors,51.07519,-114.1382,27.94550855,4.75,-3.9,-12.4,0,7,0,90,5.883264958
18797,3,0:06:00,WEEKEND_WT_1,Outdoors,Outdoors,51.07514,-114.1373,50.17699503,1.233333333,1.6,-2.3,0,14,146.9773435,155.3101389,40.68405002
473,7,0:07:00,SUMMER_TERM_2,Outdoors,Outdoors,51.07481,-114.1309,49.10686227,4.75,28.2,19.7,0,0,0,275.1966205,10.33828679
18797,4,0:08:00,WEEKEND_WT_1,Outdoors,Outdoors,51.07473,-114.137,0,0,1.6,-2.3,0,14,146.9773435,0,0
6276,0,0:09:00,FALL_TERM_1,Outdoors,Outdoors,51.07592,-114.1363,26.10772238,1.033333333,10.1,2.1,0,1,161.7019994,126.6033247,25.26553779
21282,0,0:09:00,WEEKEND_WT_2,CR,Crowsnest Hall,51.07941,-114.1351,49.7341887,0.55,-15.6,-18.8,0.4,12,107.758199,145.8162802,90.42579763
21282,1,0:09:00,WEEKEND_WT_2,AU,Aurora Hall,51.07904,-114.1347,79.40774042,0.95,-15.6,-18.8,0.4,12,107.758199,104.5991266,83.58709517
6276,1,0:10:00,FALL_TERM_1,Outdoors,Outdoors,51.07578,-114.136,18.08329042,3.35,10.1,2.1,0,1,161.7019994,202.7269576,5.397997141
21282,2,0:10:00,WEEKEND_WT_2,Outdoors,Outdoors,51.07886,-114.1336,95.96132828,1,-15.6,-18.8,0.4,12,107.758199,119.1221969,95.96132828
217,1,0:11:00,WINTERTERM_1,YA,Yamnuska Hall,51.07519,-114.1378,27.94550855,4.766666667,-3.9,-12.4,0,7,0,270,5.862694101
21282,3,0:11:00,WEEKEND_WT_2,Outdoors,Outdoors,51.07844,-114.1324,128.8704389,1.116666667,-15.6,-18.8,0.4,12,107.758199,67.15252857,115.4063632
473,8,0:12:00,SUMMER_TERM_2,Outdoors,Outdoors,51.07485,-114.1316,0,0,28.2,19.7,0,0,0,0,0
21282,4,0:12:00,WEEKEND_WT_2,Outdoors,Outdoors,51.07889,-114.1307,144.7415692,1.05,-15.6,-18.8,0.4,12,107.758199,105.1411864,137.8491136
6276,2,0:13:00,FALL_TERM_1,GL,Glacier Hall,51.07563,-114.1361,26.78567574,1.283333333,10.1,2.1,0,1,161.7019994,308.5130217,20.87195512
21282,5,0:13:00,WEEKEND_WT_2,Outdoors,Outdoors,51.07855,-114.1287,143.3724754,1.016666667,-15.6,-18.8,0.4,12,107.758199,133.0392142,141.022107
21282,6,0:14:00,WEEKEND_WT_2,Outdoors,Outdoors,51.07767,-114.1272,35.78676871,0.983333333,-15.6,-18.8,0.4,12,107.758199,102.5622755,36.39332411
6276,3,0:15:00,FALL_TERM_1,Outdoors,Outdoors,51.07578,-114.1364,15.03808078,1.033333333,10.1,2.1,0,1,161.7019994,111.6978051,14.5529814
21282,7,0:15:00,WEEKEND_WT_2,PF,Professional Faculties,51.0776,-114.1267,17.06296408,1.016666667,-15.6,-18.8,0.4,12,107.758199,335.8312857,16.78324336
217,2,0:16:00,WINTERTERM_1,Outdoors,Outdoors,51.07519,-114.1382,27.94550855,4.733333333,-3.9,-12.4,0,7,0,90,5.903980679
9325,0,0:16:00,UNICLOSED,MH,MacEwan Hall,51.07863,-114.1303,23.50609974,1.033333333,11.3,5.5,0.4,0,146.1718599,36.46885326,22.74783846
6276,4,0:16:00,FALL_TERM_1,GL,Glacier Hall,51.07573,-114.1362,0,0,10.1,2.1,0,1,161.7019994,0,0
21282,8,0:16:00,WEEKEND_WT_2,PF,Professional Faculties,51.07774,-114.1268,0,0,-15.6,-18.8,0.4,12,107.758199,0,0
474,0,0:17:00,SUMMER_TERM_2,Outdoors,Outdoors,51.07483,-114.1316,48.95556947,4.75,28.2,19.7,0,0,0,92.60366422,10.30643568
9325,1,0:17:00,UNICLOSED,MH,MacEwan Hall,51.0788,-114.1301,68.10229765,1.15,11.3,5.5,0.4,0,146.1718599,55.14740358,59.21938926
9325,2,0:18:00,UNICLOSED,Outdoors,Outdoors,51.07915,-114.1293,78.14930958,0.716666667,11.3,5.5,0.4,0,146.1718599,174.8714367,109.0455483
21024,0,0:18:00,WINTERTERM_2,MH,MacEwan Hall,51.07831,-114.1306,68.74295349,2.2,-17,-19,1.4,14,252.3416111,217.5710525,31.24679704
9325,3,0:19:00,UNICLOSED,Outdoors,Outdoors,51.07845,-114.1292,65.22258439,0.683333333,11.3,5.5,0.4,0,146.1718599,154.6316577,95.44768448
2184,3,0:20:00,WINTERTERM_2,Outdoors,Outdoors,51.0774,-114.1284,116.3107357,1.666666667,12.3,5.3,0,1,245.0084604,212.7229735,69.78644142
9325,4,0:20:00,UNICLOSED,Outdoors,Outdoors,51.07792,-114.1288,15.03746632,0.533333333,11.3,5.5,0.4,0,146.1718599,68.30126336,28.19524935
9325,5,0:20:00,UNICLOSED,Outdoors,Outdoors,51.07797,-114.1286,106.2259755,0.65,11.3,5.5,0.4,0,146.1718599,143.7087251,163.4245776
21024,1,0:20:00,WINTERTERM_2,Outdoors,Outdoors,51.07782,-114.1312,68.74295349,1.066666667,-17,-19,1.4,14,252.3416111,37.57105252,64.4465189
217,3,0:21:00,WINTERTERM_1,YA,Yamnuska Hall,51.07519,-114.1378,20.98860466,4.766666667,-3.9,-12.4,0,7,0,273.0368784,4.403203776
9325,6,0:21:00,UNICLOSED,Outdoors,Outdoors,51.0772,-114.1277,92.24417356,2.85,11.3,5.5,0.4,0,146.1718599,188.7121538,32.36637669
21024,2,0:21:00,WINTERTERM_2,MH,MacEwan Hall,51.07831,-114.1306,68.74295349,1.016666667,-17,-19,1.4,14,252.3416111,217.5710525,67.61601983
474,1,0:22:00,SUMMER_TERM_2,Outdoors,Outdoors,51.07481,-114.1309,49.01866401,4.75,28.2,19.7,0,0,0,273.9021429,10.31971874
2184,4,0:22:00,WINTERTERM_2,CHD,Craigie Hall Block D,51.07652,-114.1293,0,0,12.3,5.3,0,1,245.0084604,0,0
21024,3,0:22:00,WINTERTERM_2,Outdoors,Outdoors,51.07782,-114.1312,62.85985995,3.066666667,-17,-19,1.4,14,252.3416111,33.75729659,20.49778042
9325,7,0:24:00,UNICLOSED,Outdoors,Outdoors,51.07638,-114.1279,0,0,11.3,5.5,0.4,0,146.1718599,0,0
217,4,0:25:00,WINTERTERM_1,Outdoors,Outdoors,51.0752,-114.1381,20.98860466,9.5,-3.9,-12.4,0,7,0,93.03687843,2.209326807
21024,4,0:25:00,WINTERTERM_2,MH,MacEwan Hall,51.07829,-114.1307,0,0,-17,-19,1.4,14,252.3416111,0,0
474,2,0:26:00,SUMMER_TERM_2,Outdoors,Outdoors,51.07484,-114.1316,49.01866401,4.75,28.2,19.7,0,0,0,93.90214294,10.31971874
12530,0,0:26:00,BETWEEN_TERMS,MS,Mathematical Sciences,51.07985,-114.1275,43.36602139,0.516666667,-18.3,-21.3,0.2,4,160.4242206,180,83.93423495
12530,1,0:27:00,BETWEEN_TERMS,ST,Science Theatres,51.07946,-114.1275,23.50598127,0.516666667,-18.3,-21.3,0.2,4,160.4242206,143.5315374,45.49544763
12530,2,0:27:00,BETWEEN_TERMS,ST,Science Theatres,51.07929,-114.1273,37.19428623,0.65,-18.3,-21.3,0.2,4,160.4242206,157.9362898,57.22197881
12530,3,0:28:00,BETWEEN_TERMS,Outdoors,Outdoors,51.07898,-114.1271,38.44626829,0.833333333,-18.3,-21.3,0.2,4,160.4242206,349.5310645,46.13552195
14063,0,0:28:00,WINTERTERM_1,PF,Professional Faculties,51.07741,-114.1264,27.58602696,1.45,-7.3,-16,0,11,24.57690646,345.3303811,19.02484618
12530,4,0:29:00,BETWEEN_TERMS,SS,Social Sciences,51.07932,-114.1272,0,0,-18.3,-21.3,0.2,4,160.4242206,0,0
14063,1,0:30:00,WINTERTERM_1,PF,Professional Faculties,51.07765,-114.1265,59.34592553,1.033333333,-7.3,-16,0,11,24.57690646,6.76030542,57.43154083
474,3,0:31:00,SUMMER_TERM_2,Outdoors,Outdoors,51.07481,-114.1309,49.10686227,4.75,28.2,19.7,0,0,0,275.1966205,10.33828679
14063,2,0:31:00,WINTERTERM_1,Outdoors,Outdoors,51.07818,-114.1264,174.6963098,1.016666667,-7.3,-16,0,11,24.57690646,23.57089498,171.8324358
14063,3,0:32:00,WINTERTERM_1,Outdoors,Outdoors,51.07962,-114.1254,77.01341062,1.016666667,-7.3,-16,0,11,24.57690646,54.72261837,75.75089569
14063,4,0:33:00,WINTERTERM_1,Outdoors,Outdoors,51.08002,-114.1245,0,0,-7.3,-16,0,11,24.57690646,0,0
217,5,0:35:00,WINTERTERM_1,YA,Yamnuska Hall,51.07519,-114.1378,27.94550855,4.75,-3.9,-12.4,0,7,0,270,5.883264958
9240,0,0:35:00,READINGWEEK,YA,Yamnuska Hall,51.07518,-114.1379,22.35776917,6.016666667,12.7,4.5,0.6,0,68.30242889,290.3736217,3.715972715
474,4,0:36:00,SUMMER_TERM_2,Outdoors,Outdoors,51.07485,-114.1316,0,0,28.2,19.7,0,0,0,0,0
217,6,0:40:00,WINTERTERM_1,Outdoors,Outdoors,51.07519,-114.1382,27.94550855,4.75,-3.9,-12.4,0,7,0,90,5.883264958
21283,0,0:40:00,WEEKEND_WT_2,PF,Professional Faculties,51.07774,-114.1268,148.923559,2.5,-15.6,-18.8,0.4,12,325.4774179,318.9489125,59.56942359
475,0,0:41:00,SUMMER_TERM_2,Outdoors,Outdoors,51.07483,-114.1316,48.95556947,4.75,28.2,19.7,0,0,92.60366422,92.60366422,10.30643568
9240,1,0:41:00,READINGWEEK,Outdoors,Outdoors,51.07525,-114.1382,23.22575789,6.016666667,12.7,4.5,0.6,0,68.30242889,115.523499,3.860236768
12531,0,0:42:00,BETWEEN_TERMS,SB,Science B,51.07949,-114.1291,100.0706495,0.733333333,-18.3,-21.3,0.2,4,169.8864446,192.088709,136.4599766
12531,1,0:43:00,BETWEEN_TERMS,Outdoors,Outdoors,51.07861,-114.1294,61.02328452,1.083333333,-18.3,-21.3,0.2,4,169.8864446,145.0825361,56.32918571
21283,1,0:43:00,WEEKEND_WT_2,Outdoors,Outdoors,51.07875,-114.1282,109.0033678,1.05,-15.6,-18.8,0.4,12,325.4774179,285.9875495,103.8127312
217,7,0:44:00,WINTERTERM_1,YA,Yamnuska Hall,51.07519,-114.1378,27.94550855,4.766666667,-3.9,-12.4,0,7,0,270,5.862694101
12531,2,0:44:00,BETWEEN_TERMS,Outdoors,Outdoors,51.07816,-114.1289,141.9334898,1.1,-18.3,-21.3,0.2,4,169.8864446,143.7973216,129.0304453
21283,2,0:44:00,WEEKEND_WT_2,Outdoors,Outdoors,51.07902,-114.1297,62.92136843,0.533333333,-15.6,-18.8,0.4,12,325.4774179,297.3531177,117.9775658
21283,3,0:44:00,WEEKEND_WT_2,Outdoors,Outdoors,51.07928,-114.1305,142.111885,0.55,-15.6,-18.8,0.4,12,325.4774179,20.12642959,258.3852455
475,1,0:45:00,SUMMER_TERM_2,Outdoors,Outdoors,51.07481,-114.1309,49.01866401,4.75,28.2,19.7,0,0,92.60366422,273.9021429,10.31971874
12531,3,0:45:00,BETWEEN_TERMS,Outdoors,Outdoors,51.07713,-114.1277,96.60424729,2.016666667,-18.3,-21.3,0.2,4,169.8864446,201.1976192,47.90293254
21283,4,0:45:00,WEEKEND_WT_2,Outdoors,Outdoors,51.08048,-114.1298,0,0,-15.6,-18.8,0.4,12,325.4774179,0,0
9240,2,0:47:00,READINGWEEK,YA,Yamnuska Hall,51.07516,-114.1379,41.97725004,6.016666667,12.7,4.5,0.6,0,68.30242889,93.03687548,6.976828261
12531,4,0:47:00,BETWEEN_TERMS,Outdoors,Outdoors,51.07632,-114.1282,0,0,-18.3,-21.3,0.2,4,169.8864446,0,0
217,8,0:49:00,WINTERTERM_1,Outdoors,Outdoors,51.07519,-114.1382,0,0,-3.9,-12.4,0,7,0,0,0
475,2,0:50:00,SUMMER_TERM_2,Outdoors,Outdoors,51.07484,-114.1316,49.01866401,4.75,28.2,19.7,0,0,92.60366422,93.90214294,10.31971874
2121,0,0:50:00,WINTERTERM_1,Outdoors,Outdoors,51.07747,-114.1304,18.0831831,2.4,1.4,-1.6,0,0,142.461392,22.72614572,7.534659623
9240,3,0:53:00,READINGWEEK,Outdoors,Outdoors,51.07514,-114.1373,56.06779951,12.03333333,12.7,4.5,0.6,0,68.30242889,265.4500078,4.659373921
2121,1,0:53:00,WINTERTERM_1,TFDL,Taylor Family Digital Library,51.07762,-114.1303,129.2572398,12.45,1.4,-1.6,0,0,142.461392,130.828582,10.38210761
218,0,0:54:00,WINTERTERM_1,Outdoors,Outdoors,51.07518,-114.1382,27.967625,4.75,-3.9,-12.4,0,7,180,87.72140835,5.887921052
475,3,0:55:00,SUMMER_TERM_2,Outdoors,Outdoors,51.07481,-114.1309,48.90504157,9.5,28.2,19.7,0,0,92.60366422,270,5.147899113
218,1,0:59:00,WINTERTERM_1,YA,Yamnuska Hall,51.07519,-114.1378,27.96761896,4.75,-3.9,-12.4,0,7,180,272.2785921,5.887919782
218,2,1:03:00,WINTERTERM_1,Outdoors,Outdoors,51.0752,-114.1382,27.96761896,4.75,-3.9,-12.4,0,7,180,92.27859214,5.887919782
475,4,1:04:00,SUMMER_TERM_2,Outdoors,Outdoors,51.07481,-114.1316,48.90504157,4.75,28.2,19.7,0,0,92.60366422,90,10.29579823
9240,4,1:05:00,READINGWEEK,Outdoors,Outdoors,51.0751,-114.1381,15.48385903,6,12.7,4.5,0.6,0,68.30242889,64.47653715,2.580643172
2121,2,1:05:00,WINTERTERM_1,Outdoors,Outdoors,51.07686,-114.1289,29.14269771,7.533333333,1.4,-1.6,0,0,142.461392,151.3509203,3.868499696
218,3,1:08:00,WINTERTERM_1,YA,Yamnuska Hall,51.07519,-114.1378,28.03386363,4.766666667,-3.9,-12.4,0,7,180,265.450002,5.881230133
475,5,1:09:00,SUMMER_TERM_2,Outdoors,Outdoors,51.07481,-114.1309,0,0,28.2,19.7,0,0,92.60366422,0,0
9240,5,1:11:00,READINGWEEK,YA,Yamnuska Hall,51.07516,-114.1379,15.99446614,12.4,12.7,4.5,0.6,0,68.30242889,60.87962199,1.289876302
12579,0,1:12:00,BETWEEN_TERMS,Outdoors,Outdoors,51.07729,-114.1261,49.81344761,1,-15.8,-19.9,0,4,333.6185076,343.7106906,49.81344761
218,4,1:13:00,WINTERTERM_1,Outdoors,Outdoors,51.07517,-114.1382,0,0,-3.9,-12.4,0,7,180,0,0
12579,1,1:13:00,BETWEEN_TERMS,PF,Professional Faculties,51.07772,-114.1263,73.94452292,1,-15.8,-19.9,0,4,333.6185076,121.7569134,73.94452292
2121,3,1:13:00,WINTERTERM_1,Outdoors,Outdoors,51.07663,-114.1287,61.15720965,1.5,1.4,-1.6,0,0,142.461392,180,40.7714731
12579,2,1:14:00,BETWEEN_TERMS,SH,Scurfield Hall,51.07737,-114.1254,87.24513473,2.083333333,-15.8,-19.9,0,4,333.6185076,306.7997711,41.87766467
2121,4,1:14:00,WINTERTERM_1,Outdoors,Outdoors,51.07608,-114.1287,0,0,1.4,-1.6,0,0,142.461392,0,0
12579,3,1:16:00,BETWEEN_TERMS,Outdoors,Outdoors,51.07784,-114.1264,15.06154342,1.033333333,-15.8,-19.9,0,4,333.6185076,152.3655133,14.57568718
12579,4,1:17:00,BETWEEN_TERMS,PF,Professional Faculties,51.07772,-114.1263,15.99380928,1.016666667,-15.8,-19.9,0,4,333.6185076,240.8783112,15.73161569
219,0,1:18:00,WINTERTERM_1,Outdoors,Outdoors,51.07519,-114.1382,27.94550855,4.75,-3.9,-12.4,0,7,0,90,5.883264958
12579,5,1:18:00,BETWEEN_TERMS,PF,Professional Faculties,51.07765,-114.1265,23.31044734,1,-15.8,-19.9,0,4,333.6185076,197.4392755,23.31044734
476,0,1:19:00,SUMMER_TERM_2,Outdoors,Outdoors,51.07481,-114.1309,48.95556947,4.766666667,28.2,19.7,0,0,272.6036642,272.6036642,10.27039919
12579,6,1:19:00,BETWEEN_TERMS,PF,Professional Faculties,51.07745,-114.1266,28.17180416,1.466666667,-15.8,-19.9,0,4,333.6185076,29.7329581,19.20804829
6067,0,1:21:00,FALL_TERM_1,Outdoors,Outdoors,51.07958,-114.1347,21.75772193,6.433333333,3.1,-0.9,0.2,2,219.9514,219.9514,3.382029316
12579,7,1:21:00,BETWEEN_TERMS,PF,Professional Faculties,51.07767,-114.1264,0,0,-15.8,-19.9,0,4,333.6185076,0,0
219,1,1:22:00,WINTERTERM_1,YA,Yamnuska Hall,51.07519,-114.1378,34.94958272,4.766666667,-3.9,-12.4,0,7,0,268.1767807,7.332080291
476,1,1:23:00,SUMMER_TERM_2,Outdoors,Outdoors,51.07483,-114.1316,48.95556947,9.5,28.2,19.7,0,0,272.6036642,92.60366422,5.153217839
9240,6,1:24:00,READINGWEEK,YA,Yamnuska Hall,51.07523,-114.1377,0,0,12.7,4.5,0.6,0,68.30242889,0,0
219,2,1:27:00,WINTERTERM_1,Outdoors,Outdoors,51.07518,-114.1383,34.94958272,4.75,-3.9,-12.4,0,7,0,88.17678072,7.357806889
6067,1,1:27:00,FALL_TERM_1,Outdoors,Outdoors,51.07943,-114.1349,21.75772193,6.2,3.1,-0.9,0.2,2,219.9514,39.95139996,3.509309989
219,3,1:32:00,WINTERTERM_1,YA,Yamnuska Hall,51.07519,-114.1378,27.96761896,4.75,-3.9,-12.4,0,7,0,272.2785921,5.887919782
476,2,1:33:00,SUMMER_TERM_2,Outdoors,Outdoors,51.07481,-114.1309,48.95556947,4.75,28.2,19.7,0,0,272.6036642,272.6036642,10.30643568
6067,2,1:34:00,FALL_TERM_1,Outdoors,Outdoors,51.07958,-114.1347,41.01421888,6,3.1,-0.9,0.2,2,219.9514,222.9452207,6.835703146
9326,0,1:35:00,UNICLOSED,MH,MacEwan Hall,51.07858,-114.1305,23.50613923,2.05,11.3,5.5,0.4,0,112.676329,143.5310165,11.46640938
219,4,1:37:00,WINTERTERM_1,Outdoors,Outdoors,51.0752,-114.1382,0,0,-3.9,-12.4,0,7,0,0,0
9326,1,1:37:00,UNICLOSED,Outdoors,Outdoors,51.07841,-114.1303,42.8489305,2.016666667,11.3,5.5,0.4,0,112.676329,258.0180435,21.24740355
476,3,1:38:00,SUMMER_TERM_2,Outdoors,Outdoors,51.07483,-114.1316,48.95556947,4.75,28.2,19.7,0,0,272.6036642,92.60366422,10.30643568
9326,2,1:39:00,UNICLOSED,MH,MacEwan Hall,51.07833,-114.1309,97.95005132,4.733333333,11.3,5.5,0.4,0,112.676329,112.0010036,20.69367281
6067,3,1:40:00,FALL_TERM_1,AU,Aurora Hall,51.07931,-114.1351,41.01421888,6.016666667,3.1,-0.9,0.2,2,219.9514,42.94522066,6.81676768
220,0,1:41:00,WINTERTERM_1,Outdoors,Outdoors,51.07519,-114.1382,27.94550855,4.75,-3.9,-12.4,0,7,0,90,5.883264958
476,4,1:42:00,SUMMER_TERM_2,Outdoors,Outdoors,51.07481,-114.1309,48.95556947,4.75,28.2,19.7,0,0,272.6036642,272.6036642,10.30643568
9326,3,1:44:00,UNICLOSED,MB,MacKimmie Block,51.078,-114.1296,41.73101269,1.116666667,11.3,5.5,0.4,0,112.676329,350.3631025,37.37105614
9326,4,1:45:00,UNICLOSED,Outdoors,Outdoors,51.07837,-114.1297,0,0,11.3,5.5,0.4,0,112.676329,0,0
220,1,1:46:00,WINTERTERM_1,YA,Yamnuska Hall,51.07519,-114.1378,27.94550855,4.75,-3.9,-12.4,0,7,0,270,5.883264958
6067,4,1:46:00,FALL_TERM_1,Outdoors,Outdoors,51.07958,-114.1347,21.75772193,6,3.1,-0.9,0.2,2,219.9514,219.9514,3.626286989
476,5,1:47:00,SUMMER_TERM_2,Outdoors,Outdoors,51.07483,-114.1316,0,0,28.2,19.7,0,0,272.6036642,0,0
9241,0,1:49:00,READINGWEEK,CD,Cascade Hall,51.07608,-114.1372,23.50658796,1.133333333,12.7,4.5,0.6,0,0,143.5295367,20.74110702
9241,1,1:50:00,READINGWEEK,CD,Cascade Hall,51.07591,-114.137,23.31051703,2.4,12.7,4.5,0.6,0,0,342.5601793,9.712715428
220,2,1:51:00,WINTERTERM_1,Outdoors,Outdoors,51.07519,-114.1382,27.94550855,4.75,-3.9,-12.4,0,7,0,90,5.883264958
477,0,1:52:00,SUMMER_TERM_2,Outdoors,Outdoors,51.07482,-114.1316,48.9176758,4.766666667,28.2,19.7,0,0,0,91.30250439,10.26244947
9241,2,1:52:00,READINGWEEK,Outdoors,Outdoors,51.07611,-114.1371,15.06166458,2.616666667,12.7,4.5,0.6,0,0,207.635367,5.756050157
6067,5,1:52:00,FALL_TERM_1,Outdoors,Outdoors,51.07943,-114.1349,32.21241162,6,3.1,-0.9,0.2,2,219.9514,220.58654,5.36873527
9241,3,1:55:00,READINGWEEK,CD,Cascade Hall,51.07599,-114.1372,18.90313753,2.2,12.7,4.5,0.6,0,0,0,8.592335241
9242,0,1:55:00,READINGWEEK,GL,Glacier Hall,51.07573,-114.1362,33.93319274,1.433333333,12.7,4.5,0.6,0,141.8550479,141.8550479,23.67432052
220,3,1:56:00,WINTERTERM_1,YA,Yamnuska Hall,51.07519,-114.1378,27.94550855,9.5,-3.9,-12.4,0,7,0,270,2.941632479
9242,1,1:56:00,READINGWEEK,Outdoors,Outdoors,51.07549,-114.1359,33.93319274,1.016666667,12.7,4.5,0.6,0,141.8550479,321.8550479,33.37691089
477,1,1:57:00,SUMMER_TERM_2,Outdoors,Outdoors,51.07481,-114.1309,49.22002932,4.75,28.2,19.7,0,0,0,276.4858013,10.36211144
9241,4,1:57:00,READINGWEEK,Outdoors,Outdoors,51.07616,-114.1372,0,0,12.7,4.5,0.6,0,0,0,0
9242,2,1:57:00,READINGWEEK,GL,Glacier Hall,51.07573,-114.1362,33.93319274,1.016666667,12.7,4.5,0.6,0,141.8550479,141.8550479,33.37691089
9242,3,1:58:00,READINGWEEK,Outdoors,Outdoors,51.07549,-114.1359,29.75952524,1.016666667,12.7,4.5,0.6,0,141.8550479,315.2288274,29.27166417
6067,6,1:58:00,FALL_TERM_1,AU,Aurora Hall,51.07921,-114.1352,32.21241162,6.666666667,3.1,-0.9,0.2,2,219.9514,40.58654001,4.831861743
9242,4,1:59:00,READINGWEEK,GL,Glacier Hall,51.07568,-114.1362,29.75952524,1.35,12.7,4.5,0.6,0,141.8550479,135.2288274,22.04409277
477,2,2:01:00,SUMMER_TERM_2,Outdoors,Outdoors,51.07486,-114.1316,49.22002932,4.75,28.2,19.7,0,0,0,96.48580131,10.36211144
9242,5,2:01:00,READINGWEEK,Outdoors,Outdoors,51.07549,-114.1359,0,0,12.7,4.5,0.6,0,141.8550479,0,0
6067,7,2:04:00,FALL_TERM_1,Outdoors,Outdoors,51.07943,-114.1349,0,0,3.1,-0.9,0.2,2,219.9514,0,0
220,4,2:05:00,WINTERTERM_1,Outdoors,Outdoors,51.07519,-114.1382,27.94550855,4.75,-3.9,-12.4,0,7,0,90,5.883264958
477,3,2:06:00,SUMMER_TERM_2,Outdoors,Outdoors,51.07481,-114.1309,49.01866401,9.5,28.2,19.7,0,0,0,273.9021429,5.159859369
446,0,2:08:00,SUMMER_TERM_2,Outdoors,Outdoors,51.07486,-114.1316,49.22002932,4.75,24.9,17.8,0,0,0,96.48580131,10.36211144
220,5,2:10:00,WINTERTERM_1,YA,Yamnuska Hall,51.07519,-114.1378,27.967625,4.766666667,-3.9,-12.4,0,7,0,267.7214084,5.867333915
6068,0,2:10:00,FALL_TERM_1,CR,Crowsnest Hall,51.07941,-114.1351,15.99334499,6,3.1,-0.9,0.2,2,60.87738453,60.87738453,2.665557498
446,1,2:12:00,SUMMER_TERM_2,Outdoors,Outdoors,51.07481,-114.1309,49.22002932,4.75,24.9,17.8,0,0,0,276.4858013,10.36211144
220,6,2:15:00,WINTERTERM_1,Outdoors,Outdoors,51.07518,-114.1382,27.967625,4.75,-3.9,-12.4,0,7,0,87.72140835,5.887921052
477,4,2:16:00,SUMMER_TERM_2,Outdoors,Outdoors,51.07484,-114.1316,49.01866401,4.75,28.2,19.7,0,0,0,93.90214294,10.31971874
6068,1,2:16:00,FALL_TERM_1,Outdoors,Outdoors,51.07948,-114.1349,15.03702861,6.016666667,3.1,-0.9,0.2,2,60.87738453,68.30059971,2.499229132
446,2,2:17:00,SUMMER_TERM_2,Outdoors,Outdoors,51.07486,-114.1316,49.22002932,4.75,24.9,17.8,0,0,0,96.48580131,10.36211144
1512,0,2:18:00,BETWEEN_TERMS,Outdoors,Outdoors,51.07589,-114.1379,29.00882221,9.766666667,14.3,5.6,0,0,272.2786266,285.5643168,2.970186575
220,7,2:19:00,WINTERTERM_1,YA,Yamnuska Hall,51.07519,-114.1378,27.94550855,4.75,-3.9,-12.4,0,7,0,270,5.883264958
477,5,2:20:00,SUMMER_TERM_2,Outdoors,Outdoors,51.07481,-114.1309,49.10686227,4.75,28.2,19.7,0,0,0,275.1966205,10.33828679
446,3,2:22:00,SUMMER_TERM_2,Outdoors,Outdoors,51.07481,-114.1309,48.9176758,9.516666667,24.9,17.8,0,0,0,271.3025044,5.140211117
6068,2,2:22:00,FALL_TERM_1,Outdoors,Outdoors,51.07953,-114.1347,38.70670116,6.4,3.1,-0.9,0.2,2,60.87738453,244.4744546,6.047922056
220,8,2:24:00,WINTERTERM_1,Outdoors,Outdoors,51.07519,-114.1382,0,0,-3.9,-12.4,0,7,0,0,0
477,6,2:25:00,SUMMER_TERM_2,Outdoors,Outdoors,51.07485,-114.1316,49.10686227,4.766666667,28.2,19.7,0,0,0,95.19662051,10.30213894
1512,1,2:28:00,BETWEEN_TERMS,Outdoors,Outdoors,51.07596,-114.1383,18.56986807,4.916666667,14.3,5.6,0,0,272.2786266,131.1986286,3.776922319
1579,0,2:29:00,SPRING_TERM_2,Outdoors,Outdoors,51.07599,-114.1384,55.9342905,5.316666667,12.9,8.6,7,0,0,267.7213692,10.52055621
6068,3,2:29:00,FALL_TERM_1,CR,Crowsnest Hall,51.07938,-114.1352,38.70670116,6.716666667,3.1,-0.9,0.2,2,60.87738453,64.47445464,5.762784292
477,7,2:30:00,SUMMER_TERM_2,Outdoors,Outdoors,51.07481,-114.1309,48.95556947,4.75,28.2,19.7,0,0,0,272.6036642,10.30643568
446,4,2:31:00,SUMMER_TERM_2,Outdoors,Outdoors,51.07482,-114.1316,48.9176758,4.733333333,24.9,17.8,0,0,0,91.30250439,10.33472024
1512,2,2:32:00,BETWEEN_TERMS,CD,Cascade Hall,51.07585,-114.1381,47.45161227,6.066666667,14.3,5.6,0,0,272.2786266,297.9477768,7.82169433
1579,1,2:34:00,SPRING_TERM_2,Outdoors,Outdoors,51.07597,-114.1392,62.96478272,5.133333333,12.9,8.6,7,0,0,93.03692821,12.26586676
477,8,2:35:00,SUMMER_TERM_2,Outdoors,Outdoors,51.07483,-114.1316,0,0,28.2,19.7,0,0,0,0,0
446,5,2:36:00,SUMMER_TERM_2,Outdoors,Outdoors,51.07481,-114.1309,49.22002932,4.766666667,24.9,17.8,0,0,0,276.4858013,10.32588028
6068,4,2:36:00,FALL_TERM_1,Outdoors,Outdoors,51.07953,-114.1347,15.03702861,6,3.1,-0.9,0.2,2,60.87738453,248.3005997,2.506171436
1512,3,2:39:00,BETWEEN_TERMS,Outdoors,Outdoors,51.07605,-114.1387,32.54415408,4.75,14.3,5.6,0,0,272.2786266,120.8312356,6.851400858
1579,2,2:39:00,SPRING_TERM_2,Outdoors,Outdoors,51.07594,-114.1383,22.35744646,4.983333333,12.9,8.6,7,0,0,69.62607118,4.486444106
478,0,2:40:00,SUMMER_TERM_2,Outdoors,Outdoors,51.07482,-114.1316,48.9176758,4.75,28.2,19.7,0,0,0,91.30250439,10.29845806
446,6,2:41:00,SUMMER_TERM_2,Outdoors,Outdoors,51.07486,-114.1316,49.22002932,4.733333333,24.9,17.8,0,0,0,96.48580131,10.39859774
6068,5,2:42:00,FALL_TERM_1,Outdoors,Outdoors,51.07948,-114.1349,0,0,3.1,-0.9,0.2,2,60.87738453,0,0
9355,0,2:42:00,READINGWEEK,Outdoors,Outdoors,51.07654,-114.1284,38.6404734,0.7,15.9,8.6,1.1,0,30.41112781,46.31895018,55.20067628
9355,1,2:42:00,READINGWEEK,MFH,Murray Fraser Hall,51.07678,-114.128,168.0496107,2.283333333,15.9,8.6,1.1,0,30.41112781,2.382540576,73.59836964
221,0,2:43:00,WINTERTERM_1,YA,Yamnuska Hall,51.07519,-114.1378,27.94550855,4.766666667,-3.9,-12.4,0,7,265.450002,270,5.862694101
1512,4,2:43:00,BETWEEN_TERMS,Outdoors,Outdoors,51.0759,-114.1383,0,0,14.3,5.6,0,0,272.2786266,0,0
478,1,2:44:00,SUMMER_TERM_2,Outdoors,Outdoors,51.07481,-114.1309,41.91860706,4.75,28.2,19.7,0,0,0,270,8.824969908
1579,3,2:44:00,SPRING_TERM_2,CD,Cascade Hall,51.07601,-114.138,28.03336997,4.9,12.9,8.6,7,0,0,265.4499217,5.721095912
9355,2,2:45:00,READINGWEEK,Outdoors,Outdoors,51.07829,-114.1279,91.12234025,1.033333333,15.9,8.6,1.1,0,30.41112781,17.85794507,88.18290992
446,7,2:46:00,SUMMER_TERM_2,Outdoors,Outdoors,51.07481,-114.1309,49.22002932,9.516666667,24.9,17.8,0,0,0,276.4858013,5.171982065
9355,3,2:46:00,READINGWEEK,Outdoors,Outdoors,51.07907,-114.1275,131.9617617,2.066666667,15.9,8.6,1.1,0,30.41112781,72.34127103,63.85246536
6277,0,2:47:00,FALL_TERM_1,GL,Glacier Hall,51.07573,-114.1362,15.06168279,1.333333333,10.1,2.1,0,1,0,332.3645007,11.29626209
221,1,2:48:00,WINTERTERM_1,Outdoors,Outdoors,51.07519,-114.1382,27.94550855,9.5,-3.9,-12.4,0,7,265.450002,90,2.941632479
6277,1,2:48:00,FALL_TERM_1,Outdoors,Outdoors,51.07585,-114.1363,15.06168279,1,10.1,2.1,0,1,0,152.3645007,15.06168279
9355,4,2:48:00,READINGWEEK,Outdoors,Outdoors,51.07943,-114.1257,0,0,15.9,8.6,1.1,0,30.41112781,0,0
478,2,2:49:00,SUMMER_TERM_2,Outdoors,Outdoors,51.07481,-114.1315,41.91860706,4.766666667,28.2,19.7,0,0,0,90,8.794113369
1579,4,2:49:00,SPRING_TERM_2,Outdoors,Outdoors,51.07599,-114.1384,0,0,12.9,8.6,7,0,0,0,0
6277,2,2:49:00,FALL_TERM_1,GL,Glacier Hall,51.07573,-114.1362,15.06168279,1.016666667,10.1,2.1,0,1,0,332.3645007,14.81476995
6277,3,2:50:00,FALL_TERM_1,Outdoors,Outdoors,51.07585,-114.1363,15.06168279,1,10.1,2.1,0,1,0,152.3645007,15.06168279
6277,4,2:51:00,FALL_TERM_1,GL,Glacier Hall,51.07573,-114.1362,0,0,10.1,2.1,0,1,0,0,0
6069,0,2:53:00,FALL_TERM_1,YA,Yamnuska Hall,51.07528,-114.1375,23.50670104,6.05,3.1,-0.9,0.2,2,0,323.5291639,3.88540513
478,3,2:54:00,SUMMER_TERM_2,Outdoors,Outdoors,51.07481,-114.1309,41.93334794,4.75,28.2,19.7,0,0,0,271.519494,8.82807325
446,8,2:55:00,SUMMER_TERM_2,Outdoors,Outdoors,51.07486,-114.1316,49.22002932,4.75,24.9,17.8,0,0,0,96.48580131,10.36211144
221,2,2:57:00,WINTERTERM_1,YA,Yamnuska Hall,51.07519,-114.1378,27.967625,4.75,-3.9,-12.4,0,7,265.450002,267.7214084,5.887921052
478,4,2:59:00,SUMMER_TERM_2,Outdoors,Outdoors,51.07482,-114.1315,41.93334794,9.5,28.2,19.7,0,0,0,91.51949395,4.414036625
446,9,3:00:00,SUMMER_TERM_2,Outdoors,Outdoors,51.07481,-114.1309,49.3579934,4.75,24.9,17.8,0,0,0,277.7684217,10.3911565
6069,1,3:00:00,FALL_TERM_1,Outdoors,Outdoors,51.07545,-114.1377,23.50670104,12.05,3.1,-0.9,0.2,2,0,143.5291639,1.950763572
221,3,3:02:00,WINTERTERM_1,Outdoors,Outdoors,51.07518,-114.1382,27.967625,4.75,-3.9,-12.4,0,7,265.450002,87.72140835,5.887921052
12623,0,3:03:00,FALLEXAMS,Outdoors,Outdoors,51.07534,-114.1361,15.48380998,1.116666667,-9.7,-15,0,4,80.95664668,244.4764505,13.86609849
12623,1,3:04:00,FALLEXAMS,Outdoors,Outdoors,51.07528,-114.1363,24.84609487,4.35,-9.7,-15,0,4,80.95664668,302.4824866,5.711745946
446,10,3:05:00,SUMMER_TERM_2,Outdoors,Outdoors,51.07487,-114.1316,49.3579934,4.75,24.9,17.8,0,0,0,97.76842172,10.3911565
6278,0,3:06:00,FALL_TERM_1,CR,Crowsnest Hall,51.07941,-114.1351,15.99334499,6,10.1,2.1,0,1,0,60.87738453,2.665557498
221,4,3:07:00,WINTERTERM_1,YA,Yamnuska Hall,51.07519,-114.1378,28.03386363,4.766666667,-3.9,-12.4,0,7,265.450002,265.450002,5.881230133
478,5,3:08:00,SUMMER_TERM_2,Outdoors,Outdoors,51.07481,-114.1309,41.93334794,4.75,28.2,19.7,0,0,0,271.519494,8.82807325
12623,2,3:08:00,FALLEXAMS,Outdoors,Outdoors,51.0754,-114.1366,15.03817337,0.55,-9.7,-15,0,4,80.95664668,68.30233531,27.3421334
446,11,3:09:00,SUMMER_TERM_2,Outdoors,Outdoors,51.07481,-114.1309,49.3579934,4.75,24.9,17.8,0,0,0,277.7684217,10.3911565
12623,3,3:09:00,FALLEXAMS,GL,Glacier Hall,51.07545,-114.1364,30.07636076,1.8,-9.7,-15,0,4,80.95664668,111.6976541,16.70908931
12623,4,3:11:00,FALLEXAMS,Outdoors,Outdoors,51.07535,-114.136,0,0,-9.7,-15,0,4,80.95664668,0,0
221,5,3:12:00,WINTERTERM_1,Outdoors,Outdoors,51.07517,-114.1382,0,0,-3.9,-12.4,0,7,265.450002,0,0
6069,2,3:12:00,FALL_TERM_1,YA,Yamnuska Hall,51.07528,-114.1375,23.50670104,6,3.1,-0.9,0.2,2,0,323.5291639,3.917783506
6278,1,3:12:00,FALL_TERM_1,Outdoors,Outdoors,51.07948,-114.1349,15.99334499,6,10.1,2.1,0,1,0,240.8773845,2.665557498
478,6,3:13:00,SUMMER_TERM_2,Outdoors,Outdoors,51.07482,-114.1315,41.93334794,4.75,28.2,19.7,0,0,0,91.51949395,8.82807325
446,12,3:14:00,SUMMER_TERM_2,Outdoors,Outdoors,51.07487,-114.1316,0,0,24.9,17.8,0,0,0,0,0
478,7,3:18:00,SUMMER_TERM_2,Outdoors,Outdoors,51.07481,-114.1309,48.95556947,4.75,28.2,19.7,0,0,0,272.6036642,10.30643568
1513,0,3:18:00,BETWEEN_TERMS,Outdoors,Outdoors,51.07595,-114.1383,57.46077938,14.63333333,14.3,5.6,0,0,180,283.427653,3.926704741
6069,3,3:18:00,FALL_TERM_1,Outdoors,Outdoors,51.07545,-114.1377,23.50670104,6.383333333,3.1,-0.9,0.2,2,0,143.5291639,3.682511912
6278,2,3:18:00,FALL_TERM_1,CR,Crowsnest Hall,51.07941,-114.1351,15.99334499,6,10.1,2.1,0,1,0,60.87738453,2.665557498
447,0,3:19:00,SUMMER_TERM_2,Outdoors,Outdoors,51.07485,-114.1316,49.10686227,4.75,24.9,17.8,0,0,0,95.19662051,10.33828679
478,8,3:22:00,SUMMER_TERM_2,Outdoors,Outdoors,51.07483,-114.1316,0,0,28.2,19.7,0,0,0,0,0
447,1,3:24:00,SUMMER_TERM_2,Outdoors,Outdoors,51.07481,-114.1309,49.22002932,4.75,24.9,17.8,0,0,0,276.4858013,10.36211144
6069,4,3:24:00,FALL_TERM_1,YA,Yamnuska Hall,51.07528,-114.1375,0,0,3.1,-0.9,0.2,2,0,0,0
6278,3,3:24:00,FALL_TERM_1,Outdoors,Outdoors,51.07948,-114.1349,15.99334499,3.4,10.1,2.1,0,1,0,240.8773845,4.703924997
479,0,3:27:00,SUMMER_TERM_2,Outdoors,Outdoors,51.07484,-114.1316,49.01866401,4.75,28.2,19.7,0,0,180,93.90214294,10.31971874
447,2,3:28:00,SUMMER_TERM_2,Outdoors,Outdoors,51.07486,-114.1316,49.22002932,4.75,24.9,17.8,0,0,0,96.48580131,10.36211144
6278,4,3:28:00,FALL_TERM_1,CR,Crowsnest Hall,51.07941,-114.1351,0,0,10.1,2.1,0,1,0,0,0
479,1,3:32:00,SUMMER_TERM_2,Outdoors,Outdoors,51.07481,-114.1309,48.9176758,4.75,28.2,19.7,0,0,180,271.3025044,10.29845806
1513,1,3:32:00,BETWEEN_TERMS,Outdoors,Outdoors,51.07607,-114.1391,58.01755716,19.33333333,14.3,5.6,0,0,180,105.5643408,3.000908129
447,3,3:33:00,SUMMER_TERM_2,Outdoors,Outdoors,51.07481,-114.1309,49.10686227,4.75,24.9,17.8,0,0,0,275.1966205,10.33828679
479,2,3:37:00,SUMMER_TERM_2,Outdoors,Outdoors,51.07482,-114.1316,48.9176758,4.75,28.2,19.7,0,0,180,91.30250439,10.29845806
447,4,3:38:00,SUMMER_TERM_2,Outdoors,Outdoors,51.07485,-114.1316,0,0,24.9,17.8,0,0,0,0,0
479,3,3:41:00,SUMMER_TERM_2,Outdoors,Outdoors,51.07481,-114.1309,48.9176758,4.766666667,28.2,19.7,0,0,180,271.3025044,10.26244947
448,0,3:43:00,SUMMER_TERM_2,Outdoors,Outdoors,51.07485,-114.1316,49.10686227,4.75,24.9,17.8,0,0,0,95.19662051,10.33828679
9243,0,3:43:00,READINGWEEK,GL,Glacier Hall,51.07573,-114.1362,33.93319274,1.116666667,12.7,4.5,0.6,0,180,141.8550479,30.3879338
9243,1,3:44:00,READINGWEEK,Outdoors,Outdoors,51.07549,-114.1359,29.75952524,1.05,12.7,4.5,0.6,0,180,315.2288274,28.34240499
9243,2,3:45:00,READINGWEEK,GL,Glacier Hall,51.07568,-114.1362,29.75952524,1.366666667,12.7,4.5,0.6,0,180,135.2288274,21.77526237
479,4,3:46:00,SUMMER_TERM_2,Outdoors,Outdoors,51.07482,-114.1316,48.9176758,9.5,28.2,19.7,0,0,180,91.30250439,5.149229031
9243,3,3:46:00,READINGWEEK,Outdoors,Outdoors,51.07549,-114.1359,29.75952524,1,12.7,4.5,0.6,0,180,315.2288274,29.75952524
448,1,3:47:00,SUMMER_TERM_2,Outdoors,Outdoors,51.07481,-114.1309,49.22002932,4.766666667,24.9,17.8,0,0,0,276.4858013,10.32588028
9243,4,3:47:00,READINGWEEK,GL,Glacier Hall,51.07568,-114.1362,0,0,12.7,4.5,0.6,0,180,0,0
448,2,3:52:00,SUMMER_TERM_2,Outdoors,Outdoors,51.07486,-114.1316,49.22002932,4.733333333,24.9,17.8,0,0,0,96.48580131,10.39859774
1513,2,3:52:00,BETWEEN_TERMS,Outdoors,Outdoors,51.07593,-114.1383,41.93233369,9.716666667,14.3,5.6,0,0,180,88.48046928,4.31550604
479,5,3:56:00,SUMMER_TERM_2,Outdoors,Outdoors,51.07481,-114.1309,49.01866401,3.433333333,28.2,19.7,0,0,180,273.9021429,14.27728078
448,3,3:57:00,SUMMER_TERM_2,Outdoors,Outdoors,51.07481,-114.1309,49.10686227,4.766666667,24.9,17.8,0,0,0,275.1966205,10.30213894
479,6,3:59:00,SUMMER_TERM_2,Outdoors,Outdoors,51.07484,-114.1316,49.01866401,4.766666667,28.2,19.7,0,0,180,93.90214294,10.28363581
1513,3,4:01:00,BETWEEN_TERMS,CD,Cascade Hall,51.07594,-114.1377,42.28470735,4.766666667,14.3,5.6,0,0,180,262.4446666,8.870917627
448,4,4:02:00,SUMMER_TERM_2,Outdoors,Outdoors,51.07485,-114.1316,0,0,24.9,17.8,0,0,0,0,0
479,7,4:04:00,SUMMER_TERM_2,Outdoors,Outdoors,51.07481,-114.1309,48.95556947,4.75,28.2,19.7,0,0,180,272.6036642,10.30643568
1513,4,4:06:00,BETWEEN_TERMS,Outdoors,Outdoors,51.07589,-114.1383,0,0,14.3,5.6,0,0,180,0,0
479,8,4:09:00,SUMMER_TERM_2,Outdoors,Outdoors,51.07483,-114.1316,0,0,28.2,19.7,0,0,180,0,0
480,0,4:13:00,SUMMER_TERM_2,Outdoors,Outdoors,51.07483,-114.1316,48.95556947,4.75,28.2,19.7,0,0,180,92.60366422,10.30643568
222,0,4:13:00,WINTERTERM_1,YA,Yamnuska Hall,51.07519,-114.1378,27.94550855,9.516666667,-3.9,-12.4,0,7,267.7214084,270,2.936480758
12580,0,4:16:00,BETWEEN_TERMS,PF,Professional Faculties,51.07779,-114.1266,27.58602161,1.033333333,-15.8,-19.9,0,4,64.47524916,165.3304235,26.69614994
12580,1,4:17:00,BETWEEN_TERMS,PF,Professional Faculties,51.07755,-114.1265,35.14338893,1,-15.8,-19.9,0,4,64.47524916,203.426583,35.14338893
480,1,4:18:00,SUMMER_TERM_2,Outdoors,Outdoors,51.07481,-114.1309,48.9176758,4.75,28.2,19.7,0,0,180,271.3025044,10.29845806
12580,2,4:18:00,BETWEEN_TERMS,PF,Professional Faculties,51.07726,-114.1267,18.90313753,1.016666667,-15.8,-19.9,0,4,64.47524916,0,18.59325003
12580,3,4:19:00,BETWEEN_TERMS,PF,Professional Faculties,51.07743,-114.1267,45.56126782,1.016666667,-15.8,-19.9,0,4,64.47524916,17.85832641,44.81436179
12580,4,4:20:00,BETWEEN_TERMS,Outdoors,Outdoors,51.07782,-114.1265,0,0,-15.8,-19.9,0,4,64.47524916,0,0
480,2,4:23:00,SUMMER_TERM_2,Outdoors,Outdoors,51.07482,-114.1316,48.9176758,4.75,28.2,19.7,0,0,180,91.30250439,10.29845806
222,1,4:23:00,WINTERTERM_1,Outdoors,Outdoors,51.07519,-114.1382,27.94550855,4.75,-3.9,-12.4,0,7,267.7214084,90,5.883264958
12624,0,4:27:00,FALLEXAMS,GL,Glacier Hall,51.07568,-114.1357,42.25407212,4.65,-9.7,-15,0,4,186.7606673,180,9.086897231
480,3,4:28:00,SUMMER_TERM_2,Outdoors,Outdoors,51.07481,-114.1309,48.9176758,4.75,28.2,19.7,0,0,180,271.3025044,10.29845806
222,2,4:28:00,WINTERTERM_1,YA,Yamnuska Hall,51.07519,-114.1378,27.94550855,4.766666667,-3.9,-12.4,0,7,267.7214084,270,5.862694101
480,4,4:32:00,SUMMER_TERM_2,Outdoors,Outdoors,51.07482,-114.1316,0,0,28.2,19.7,0,0,180,0,0
6279,0,4:32:00,FALL_TERM_1,GL,Glacier Hall,51.07573,-114.1362,15.03808078,1.016666667,10.1,2.1,0,1,0,291.6978051,14.79155486
12624,1,4:32:00,FALLEXAMS,OL,Olympus Hall,51.0753,-114.1357,24.46288386,0.833333333,-9.7,-15,0,4,186.7606673,0,29.35546063
222,3,4:33:00,WINTERTERM_1,Outdoors,Outdoors,51.07519,-114.1382,27.94550855,4.75,-3.9,-12.4,0,7,267.7214084,90,5.883264958
6279,1,4:33:00,FALL_TERM_1,Outdoors,Outdoors,51.07578,-114.1364,15.03808078,1,10.1,2.1,0,1,0,111.6978051,15.03808078
12624,2,4:33:00,FALLEXAMS,Outdoors,Outdoors,51.07552,-114.1357,53.72348185,0.533333333,-9.7,-15,0,4,186.7606673,245.5466139,100.7315285
12624,3,4:33:00,FALLEXAMS,Outdoors,Outdoors,51.07532,-114.1364,45.98332251,3.45,-9.7,-15,0,4,186.7606673,114.273125,13.32849928
6279,2,4:34:00,FALL_TERM_1,GL,Glacier Hall,51.07573,-114.1362,15.03808078,1,10.1,2.1,0,1,0,291.6978051,15.03808078
449,0,4:35:00,SUMMER_TERM_2,Outdoors,Outdoors,51.07481,-114.1309,49.01866401,4.766666667,24.9,17.8,0,0,0,273.9021429,10.28363581
6279,3,4:35:00,FALL_TERM_1,Outdoors,Outdoors,51.07578,-114.1364,15.03808078,1,10.1,2.1,0,1,0,111.6978051,15.03808078
1514,0,4:36:00,BETWEEN_TERMS,Outdoors,Outdoors,51.0758,-114.1379,25.32949991,4.966666667,14.3,5.6,0,0,293.6387691,33.47898941,5.09989931
6279,4,4:36:00,FALL_TERM_1,GL,Glacier Hall,51.07573,-114.1362,0,0,10.1,2.1,0,1,0,0,0
222,4,4:37:00,WINTERTERM_1,YA,Yamnuska Hall,51.07519,-114.1378,27.967625,4.75,-3.9,-12.4,0,7,267.7214084,267.7214084,5.887921052
12624,4,4:37:00,FALLEXAMS,OL,Olympus Hall,51.07515,-114.1358,0,0,-9.7,-15,0,4,186.7606673,0,0
449,1,4:40:00,SUMMER_TERM_2,Outdoors,Outdoors,51.07484,-114.1316,49.01866401,4.75,24.9,17.8,0,0,0,93.90214294,10.31971874
1514,1,4:41:00,BETWEEN_TERMS,CD,Cascade Hall,51.07599,-114.1377,27.49177875,6.216666667,14.3,5.6,0,0,293.6387691,229.6732509,4.42227004
12625,0,4:41:00,FALLEXAMS,PF,Professional Faculties,51.07779,-114.1266,62.54898893,1.233333333,-9.7,-15,0,4,114.6445971,160.4234153,50.71539643
222,5,4:42:00,WINTERTERM_1,Outdoors,Outdoors,51.07518,-114.1382,0,0,-3.9,-12.4,0,7,267.7214084,0,0
12625,1,4:42:00,FALLEXAMS,Outdoors,Outdoors,51.07726,-114.1263,36.6142274,1.016666667,-9.7,-15,0,4,114.6445971,325.0819607,36.01399416
12625,2,4:43:00,FALLEXAMS,PF,Professional Faculties,51.07753,-114.1266,52.03803004,1,-9.7,-15,0,4,114.6445971,250.0080449,52.03803004
449,2,4:44:00,SUMMER_TERM_2,Outdoors,Outdoors,51.07481,-114.1309,49.10686227,4.766666667,24.9,17.8,0,0,0,275.1966205,10.30213894
12625,3,4:44:00,FALLEXAMS,PF,Professional Faculties,51.07737,-114.1273,70.0638546,0.783333333,-9.7,-15,0,4,114.6445971,127.0907681,89.44321864
12625,4,4:45:00,FALLEXAMS,EDC,Education Classroom Block,51.07699,-114.1265,65.34349112,1.216666667,-9.7,-15,0,4,114.6445971,74.20050452,53.706979
12625,5,4:46:00,FALLEXAMS,Outdoors,Outdoors,51.07715,-114.1256,51.66866035,1.016666667,-9.7,-15,0,4,114.6445971,71.16696056,50.82163313
223,0,4:47:00,WINTERTERM_1,Outdoors,Outdoors,51.07519,-114.1382,27.94550855,4.75,-3.9,-12.4,0,7,180,90,5.883264958
1514,2,4:47:00,BETWEEN_TERMS,CD,Cascade Hall,51.07583,-114.138,48.53366342,5,14.3,5.6,0,0,293.6387691,300.2676135,9.706732684
12625,6,4:47:00,FALLEXAMS,SH,Scurfield Hall,51.0773,-114.1249,0,0,-9.7,-15,0,4,114.6445971,0,0
449,3,4:49:00,SUMMER_TERM_2,Outdoors,Outdoors,51.07485,-114.1316,49.10686227,9.516666667,24.9,17.8,0,0,0,95.19662051,5.160090607
481,0,4:51:00,SUMMER_TERM_2,Outdoors,Outdoors,51.07481,-114.1309,48.95556947,4.75,28.2,19.7,0,0,272.6036642,272.6036642,10.30643568
223,1,4:52:00,WINTERTERM_1,YA,Yamnuska Hall,51.07519,-114.1378,27.967625,4.75,-3.9,-12.4,0,7,180,267.7214084,5.887921052
1514,3,4:52:00,BETWEEN_TERMS,Outdoors,Outdoors,51.07605,-114.1386,26.10767511,14.75,14.3,5.6,0,0,293.6387691,126.6034018,1.770011872
6070,0,4:54:00,FALL_TERM_1,YA,Yamnuska Hall,51.07528,-114.1375,23.50670104,6.016666667,3.1,-0.9,0.2,2,0,323.5291639,3.906930921
481,1,4:56:00,SUMMER_TERM_2,Outdoors,Outdoors,51.07483,-114.1316,48.95556947,9.5,28.2,19.7,0,0,272.6036642,92.60366422,5.153217839
223,2,4:56:00,WINTERTERM_1,Outdoors,Outdoors,51.07518,-114.1382,27.967625,4.75,-3.9,-12.4,0,7,180,87.72140835,5.887921052
449,4,4:59:00,SUMMER_TERM_2,Outdoors,Outdoors,51.07481,-114.1309,0,0,24.9,17.8,0,0,0,0,0
6070,1,5:00:00,FALL_TERM_1,Outdoors,Outdoors,51.07545,-114.1377,23.50670104,6.016666667,3.1,-0.9,0.2,2,0,143.5291639,3.906930921
223,3,5:01:00,WINTERTERM_1,YA,Yamnuska Hall,51.07519,-114.1378,27.967625,4.766666667,-3.9,-12.4,0,7,180,267.7214084,5.867333915
481,2,5:06:00,SUMMER_TERM_2,Outdoors,Outdoors,51.07481,-114.1309,49.01866401,4.766666667,28.2,19.7,0,0,272.6036642,273.9021429,10.28363581
223,4,5:06:00,WINTERTERM_1,Outdoors,Outdoors,51.07518,-114.1382,0,0,-3.9,-12.4,0,7,180,0,0
1514,4,5:07:00,BETWEEN_TERMS,Outdoors,Outdoors,51.07591,-114.1383,0,0,14.3,5.6,0,0,293.6387691,0,0
6070,2,5:07:00,FALL_TERM_1,YA,Yamnuska Hall,51.07528,-114.1375,23.50670104,6.016666667,3.1,-0.9,0.2,2,0,323.5291639,3.906930921
481,3,5:10:00,SUMMER_TERM_2,Outdoors,Outdoors,51.07484,-114.1316,49.01866401,4.733333333,28.2,19.7,0,0,272.6036642,93.90214294,10.35605578
224,0,5:11:00,WINTERTERM_1,Outdoors,Outdoors,51.07519,-114.1382,27.94550855,4.75,-3.9,-12.4,0,7,0,90,5.883264958
6041,0,5:12:00,UNICLOSED,Outdoors,Outdoors,51.07585,-114.1363,15.06168279,0.966666667,-0.3,-2,2.1,0,0,152.3645007,15.58105116
6041,1,5:12:00,UNICLOSED,GL,Glacier Hall,51.07573,-114.1362,15.06168279,2.633333333,-0.3,-2,2.1,0,0,332.3645007,5.719626375
6070,3,5:13:00,FALL_TERM_1,Outdoors,Outdoors,51.07545,-114.1377,23.50670104,18,3.1,-0.9,0.2,2,0,143.5291639,1.305927835
481,4,5:15:00,SUMMER_TERM_2,Outdoors,Outdoors,51.07481,-114.1309,48.95556947,4.75,28.2,19.7,0,0,272.6036642,272.6036642,10.30643568
224,1,5:15:00,WINTERTERM_1,YA,Yamnuska Hall,51.07519,-114.1378,27.967625,4.75,-3.9,-12.4,0,7,0,267.7214084,5.887921052
6041,2,5:15:00,UNICLOSED,Outdoors,Outdoors,51.07585,-114.1363,15.06168279,0.916666667,-0.3,-2,2.1,0,0,152.3645007,16.43092668
6041,3,5:16:00,UNICLOSED,GL,Glacier Hall,51.07573,-114.1362,15.06168279,5,-0.3,-2,2.1,0,0,332.3645007,3.012336557
481,5,5:20:00,SUMMER_TERM_2,Outdoors,Outdoors,51.07483,-114.1316,0,0,28.2,19.7,0,0,272.6036642,0,0
224,2,5:20:00,WINTERTERM_1,Outdoors,Outdoors,51.07518,-114.1382,27.967625,4.75,-3.9,-12.4,0,7,0,87.72140835,5.887921052
6041,4,5:21:00,UNICLOSED,Outdoors,Outdoors,51.07585,-114.1363,0,0,-0.3,-2,2.1,0,0,0,0
224,3,5:25:00,WINTERTERM_1,YA,Yamnuska Hall,51.07519,-114.1378,27.94550855,4.766666667,-3.9,-12.4,0,7,0,270,5.862694101
224,4,5:30:00,WINTERTERM_1,Outdoors,Outdoors,51.07519,-114.1382,0,0,-3.9,-12.4,0,7,0,0,0
9244,0,5:31:00,READINGWEEK,Outdoors,Outdoors,51.07513,-114.1376,27.79873166,18.63333333,12.7,4.5,0.6,0,13.09978441,0,1.491881842
6070,4,5:31:00,FALL_TERM_1,YA,Yamnuska Hall,51.07528,-114.1375,0,0,3.1,-0.9,0.2,2,0,0,0
225,0,5:34:00,WINTERTERM_1,Outdoors,Outdoors,51.0752,-114.1382,27.96761896,4.75,-3.9,-12.4,0,7,180,92.27859214,5.887919782
482,0,5:39:00,SUMMER_TERM_2,Outdoors,Outdoors,51.07481,-114.1309,48.9176758,9.516666667,28.2,19.7,0,0,273.9021429,271.3025044,5.140211117
225,1,5:39:00,WINTERTERM_1,YA,Yamnuska Hall,51.07519,-114.1378,27.96761896,4.75,-3.9,-12.4,0,7,180,272.2785921,5.887919782
225,2,5:44:00,WINTERTERM_1,Outdoors,Outdoors,51.0752,-114.1382,27.96761896,4.75,-3.9,-12.4,0,7,180,92.27859214,5.887919782
482,1,5:48:00,SUMMER_TERM_2,Outdoors,Outdoors,51.07482,-114.1316,48.9176758,4.75,28.2,19.7,0,0,273.9021429,91.30250439,10.29845806
225,3,5:49:00,WINTERTERM_1,YA,Yamnuska Hall,51.07519,-114.1378,27.94550855,4.75,-3.9,-12.4,0,7,180,270,5.883264958
9244,1,5:50:00,READINGWEEK,Outdoors,Outdoors,51.07538,-114.1376,29.75962094,6.016666667,12.7,4.5,0.6,0,13.09978441,135.2286417,4.946197386
482,2,5:53:00,SUMMER_TERM_2,Outdoors,Outdoors,51.07481,-114.1309,48.9176758,4.75,28.2,19.7,0,0,273.9021429,271.3025044,10.29845806
225,4,5:53:00,WINTERTERM_1,Outdoors,Outdoors,51.07519,-114.1382,0,0,-3.9,-12.4,0,7,180,0,0
9244,2,5:56:00,READINGWEEK,YA,Yamnuska Hall,51.07519,-114.1373,62.88723234,12.03333333,12.7,4.5,0.6,0,13.09978441,268.986864,5.22608579
13806,0,5:56:00,WINTERTERM_1,Outdoors,Outdoors,51.07528,-114.1325,26.78585295,2.383333333,-16.4,-21,0.7,12,231.4872799,231.4872799,11.23881942
482,3,5:58:00,SUMMER_TERM_2,Outdoors,Outdoors,51.07482,-114.1316,48.9176758,4.75,28.2,19.7,0,0,273.9021429,91.30250439,10.29845806
13806,1,5:59:00,WINTERTERM_1,RU,Rundle Hall,51.07513,-114.1328,30.55907228,5.016666667,-16.4,-21,0.7,12,231.4872799,43.30293873,6.091509424